"","sero_pair","Serotype1","Serotype2","mc_st_index_freq","mc_st_index_sig","mc_cc_index_freq","mc_cc_index_sig","mb_st_index_con","mb_st_index_chi","mb_st_index_lift","mb_st_index_fisher","mb_cc_index_con","mb_cc_index_chi","mb_cc_index_lift","mb_cc_index_fisher","total"
"1","1 - 10A","1","10A",0,0,1,0,0,0,0,0,0,0.25,0.25,0.25,1.75
"2","1 - 10C","1","10C",0,1,0,0,0,0.25,0.25,0.25,0,0.25,0.25,0,2.25
"3","1 - 11A","1","11A",0,0,1,0,0,0,0,0,0,0.25,0.25,0.25,1.75
"4","1 - 11B","1","11B",0,0,0,0,0,0,0.25,0,0,0,0.25,0,0.5
"5","1 - 14","1","14",1,0,1,0,0.25,0,0.25,0,0.25,0.25,0.25,0.25,3.5
"6","1 - 15A","1","15A",0,0,1,0,0,0,0,0,0,0.25,0.25,0.25,1.75
"7","1 - 15B/C","1","15B/C",1,0,1,0,0,0,0.25,0,0.25,0.25,0.25,0.25,3.25
"8","1 - 16F","1","16F",0,0,0,0,0,0,0.25,0,0,0,0.25,0,0.5
"9","1 - 17F","1","17F",0,0,1,0,0,0,0.25,0,0,0.25,0.25,0.25,2
"10","1 - 18C","1","18C",0,0,1,0,0,0,0.25,0,0,0.25,0.25,0.25,2
"11","1 - 19A","1","19A",1,0,1,0,0,0,0,0,0.25,0.25,0.25,0.25,3
"12","1 - 19F","1","19F",1,0,1,0,0.25,0.25,0.25,0.25,0.25,0.25,0.25,0.25,4
"13","1 - 21","1","21",0,0,1,0,0,0,0.25,0,0,0.25,0.25,0.25,2
"14","1 - 22A","1","22A",0,0,1,0,0,0,0.25,0,0,0.25,0.25,0.25,2
"15","1 - 23A","1","23A",1,0,1,0,0,0,0.25,0,0,0.25,0.25,0.25,3
"16","1 - 23B","1","23B",0,0,1,0,0,0,0.25,0,0,0.25,0.25,0.25,2
"17","1 - 23F","1","23F",1,0,1,0,0.25,0,0.25,0,0,0.25,0.25,0.25,3.25
"18","1 - 24F","1","24F",0,0,0,0,0,0,0.25,0,0,0.25,0.25,0,0.75
"19","1 - 3","1","3",1,0,1,0,0,0.25,0.25,0.25,0.25,0.25,0.25,0.25,3.75
"20","1 - 35B","1","35B",0,0,1,0,0,0,0.25,0,0,0.25,0.25,0,1.75
"21","1 - 38","1","38",1,1,1,1,0,0.25,0.25,0.25,0,0.25,0.25,0.25,5.5
"22","1 - 4","1","4",1,0,1,0,0,0.25,0.25,0.25,0.25,0.25,0.25,0.25,3.75
"23","1 - 42","1","42",0,0,0,0,0,0,0.25,0,0,0,0.25,0,0.5
"24","1 - 5","1","5",0,0,1,0,0,0.25,0.25,0.25,0,0.25,0.25,0.25,2.5
"25","1 - 6A","1","6A",1,0,1,0,0,0,0,0,0.25,0.25,0.25,0.25,3
"26","1 - 6B","1","6B",1,0,1,0,0.25,0,0,0,0.25,0.25,0.25,0.25,3.25
"27","1 - 6C/D","1","6C/D",0,0,1,0,0,0,0,0,0,0.25,0.25,0.25,1.75
"28","1 - 7F","1","7F",0,0,1,0,0,0,0.25,0,0,0.25,0.25,0.25,2
"29","1 - 9V","1","9V",1,0,1,0,0,0,0.25,0,0,0.25,0.25,0.25,3
"30","10A - 10B","10A","10B",1,1,1,1,0.25,0.25,0.25,0.25,0,0.25,0.25,0.25,5.75
"31","10A - 10C","10A","10C",0,1,0,0,0,0.25,0.25,0.25,0,0.25,0.25,0.25,2.5
"32","10A - 10F","10A","10F",1,1,0,0,0,0.25,0.25,0.25,0,0.25,0.25,0,3.25
"33","10A - 11A","10A","11A",0,0,1,0,0,0,0,0,0,0.25,0.25,0,1.5
"34","10A - 11D","10A","11D",0,1,0,0,0,0.25,0.25,0.25,0,0.25,0.25,0.25,2.5
"35","10A - 11E","10A","11E",0,1,0,0,0,0.25,0.25,0.25,0,0.25,0.25,0.25,2.5
"36","10A - 15A","10A","15A",0,0,1,0,0,0,0.25,0,0,0,0.25,0,1.5
"37","10A - 15B/C","10A","15B/C",0,0,1,0,0,0,0,0,0,0.25,0.25,0.25,1.75
"38","10A - 19A","10A","19A",1,0,1,0,0.25,0,0,0,0.25,0.25,0.25,0.25,3.25
"39","10A - 19F","10A","19F",1,0,1,0,0,0,0,0,0,0,0.25,0,2.25
"40","10A - 22F","10A","22F",0,0,1,0,0,0,0.25,0,0,0.25,0.25,0.25,2
"41","10A - 23A","10A","23A",0,0,1,0,0,0,0,0,0,0,0.25,0,1.25
"42","10A - 23B","10A","23B",0,0,1,0,0,0,0.25,0,0,0.25,0.25,0.25,2
"43","10A - 23F","10A","23F",1,0,1,0,0,0,0,0,0,0.25,0.25,0.25,2.75
"44","10A - 3","10A","3",0,0,1,0,0,0,0.25,0,0,0.25,0.25,0.25,2
"45","10A - 6A","10A","6A",1,0,1,0,0.25,0,0,0,0.25,0,0.25,0,2.75
"46","10A - 6B","10A","6B",1,0,1,0,0,0,0,0,0.25,0,0.25,0,2.5
"47","10A - 6C/D","10A","6C/D",0,0,1,0,0,0,0,0,0,0.25,0.25,0.25,1.75
"48","10A - 7F","10A","7F",0,0,1,0,0,0,0.25,0,0,0.25,0.25,0.25,2
"49","10A - 9A","10A","9A",0,0,0,0,0,0,0.25,0,0,0.25,0.25,0.25,1
"50","10A - 9V","10A","9V",0,0,1,0,0,0,0,0,0,0.25,0.25,0.25,1.75
"51","10B - 10F","10B","10F",0,1,0,0,0.25,0.25,0.25,0.25,0,0.25,0.25,0.25,2.75
"52","10B - 15A","10B","15A",0,0,1,0,0,0,0.25,0,0,0.25,0.25,0.25,2
"53","10B - 15B/C","10B","15B/C",0,0,0,0,0,0,0.25,0,0,0,0.25,0,0.5
"54","10B - 19F","10B","19F",0,0,1,0,0,0,0,0,0,0,0.25,0,1.25
"55","10B - 22F","10B","22F",0,0,0,0,0,0.25,0.25,0,0,0.25,0.25,0.25,1.25
"56","10B - 23F","10B","23F",0,0,1,0,0,0,0,0,0,0,0.25,0,1.25
"57","10B - 6A","10B","6A",0,0,1,0,0,0,0,0,0.25,0,0.25,0,1.5
"58","10B - 6B","10B","6B",0,0,1,0,0,0,0,0,0,0,0.25,0,1.25
"59","10B - 6C/D","10B","6C/D",0,0,0,0,0,0,0,0,0,0,0.25,0,0.25
"60","10B - 7F","10B","7F",0,0,0,0,0,0,0.25,0,0,0.25,0.25,0,0.75
"61","10C - 19F","10C","19F",0,0,0,0,0.25,0.25,0.25,0,0.25,0,0.25,0,1.25
"62","10C - 3","10C","3",0,0,0,0,0.25,0.25,0.25,0,0.25,0.25,0.25,0.25,1.75
"63","10F - 27","10F","27",0,1,0,0,0.25,0.25,0.25,0.25,0,0.25,0.25,0,2.5
"64","10F - 3","10F","3",0,0,1,0,0.25,0,0.25,0,0.25,0.25,0.25,0.25,2.5
"65","10F - 7F","10F","7F",0,0,0,0,0.25,0.25,0.25,0,0,0.25,0.25,0.25,1.5
"66","11A - 11B","11A","11B",0,0,0,0,0,0.25,0.25,0,0,0,0.25,0,0.75
"67","11A - 11D","11A","11D",0,1,0,0,0,0.25,0.25,0.25,0,0.25,0.25,0.25,2.5
"68","11A - 11E","11A","11E",0,1,0,0,0,0.25,0.25,0.25,0,0.25,0.25,0.25,2.5
"69","11A - 12F","11A","12F",0,0,1,0,0,0,0.25,0,0,0.25,0.25,0.25,2
"70","11A - 13","11A","13",0,0,1,0,0,0,0.25,0,0,0.25,0.25,0.25,2
"71","11A - 14","11A","14",1,0,1,0,0,0,0.25,0,0,0.25,0.25,0.25,3
"72","11A - 15A","11A","15A",1,0,1,0,0,0,0.25,0,0.25,0.25,0.25,0.25,3.25
"73","11A - 15B/C","11A","15B/C",1,0,1,0,0,0,0.25,0,0,0.25,0.25,0.25,3
"74","11A - 15F","11A","15F",0,1,1,0,0,0.25,0.25,0.25,0,0.25,0.25,0.25,3.5
"75","11A - 16F","11A","16F",0,0,1,0,0,0.25,0.25,0,0,0.25,0.25,0.25,2.25
"76","11A - 18A","11A","18A",0,0,1,0,0,0,0.25,0,0,0.25,0.25,0.25,2
"77","11A - 18C","11A","18C",0,0,1,0,0,0,0.25,0,0,0.25,0.25,0.25,2
"78","11A - 19A","11A","19A",1,0,1,0,0.25,0,0.25,0,0.25,0.25,0.25,0.25,3.5
"79","11A - 19F","11A","19F",1,0,1,0,0.25,0,0,0,0.25,0.25,0.25,0.25,3.25
"80","11A - 22F","11A","22F",0,0,1,0,0,0,0.25,0,0,0.25,0.25,0.25,2
"81","11A - 23A","11A","23A",0,0,1,1,0,0,0.25,0,0,0.25,0.25,0.25,3
"82","11A - 23B","11A","23B",0,0,1,0,0,0,0.25,0,0,0.25,0.25,0.25,2
"83","11A - 23F","11A","23F",0,0,1,0,0,0,0,0,0.25,0.25,0.25,0.25,2
"84","11A - 25A","11A","25A",0,0,0,0,0,0.25,0.25,0,0,0.25,0.25,0,1
"85","11A - 3","11A","3",1,0,1,0,0,0,0.25,0,0.25,0.25,0.25,0.25,3.25
"86","11A - 31","11A","31",0,0,1,1,0,0.25,0.25,0,0,0.25,0.25,0.25,3.25
"87","11A - 33A","11A","33A",1,1,0,0,0,0.25,0.25,0.25,0,0.25,0.25,0.25,3.5
"88","11A - 33B","11A","33B",0,0,0,0,0,0,0.25,0,0,0,0.25,0,0.5
"89","11A - 33F","11A","33F",1,0,1,0,0,0.25,0.25,0.25,0,0.25,0.25,0.25,3.5
"90","11A - 35A","11A","35A",0,1,1,1,0,0.25,0.25,0,0,0.25,0.25,0.25,4.25
"91","11A - 35B","11A","35B",0,0,1,0,0,0,0.25,0,0,0.25,0.25,0.25,2
"92","11A - 35F","11A","35F",0,0,1,0,0,0,0.25,0,0,0.25,0.25,0.25,2
"93","11A - 38","11A","38",0,0,1,0,0,0.25,0.25,0,0,0.25,0.25,0.25,2.25
"94","11A - 4","11A","4",0,0,1,0,0,0,0,0,0,0.25,0.25,0.25,1.75
"95","11A - 6A","11A","6A",0,0,1,0,0,0.25,0,0,0.25,0.25,0.25,0.25,2.25
"96","11A - 6B","11A","6B",1,0,1,0,0,0.25,0,0,0.25,0.25,0.25,0.25,3.25
"97","11A - 6C/D","11A","6C/D",0,0,1,0,0,0,0,0,0,0.25,0.25,0.25,1.75
"98","11A - 7B/C","11A","7B/C",0,0,1,0,0,0,0.25,0,0,0.25,0.25,0.25,2
"99","11A - 7F","11A","7F",0,0,1,0,0,0,0.25,0,0,0.25,0.25,0.25,2
"100","11A - 8","11A","8",1,0,1,0,0,0.25,0.25,0.25,0,0.25,0.25,0.25,3.5
"101","11A - 9A","11A","9A",0,1,0,0,0,0,0.25,0,0,0.25,0.25,0.25,2
"102","11A - 9N","11A","9N",0,0,1,0,0,0,0.25,0,0,0.25,0.25,0.25,2
"103","11A - 9V","11A","9V",1,1,1,1,0.25,0.25,0.25,0.25,0.25,0.25,0.25,0.25,6
"104","11B - 11C","11B","11C",0,1,0,0,0.25,0.25,0.25,0.25,0,0.25,0.25,0.25,2.75
"105","11B - 14","11B","14",0,0,0,0,0.25,0.25,0.25,0,0.25,0.25,0.25,0.25,1.75
"106","11B - 19F","11B","19F",0,0,0,0,0.25,0,0.25,0,0.25,0,0.25,0,1
"107","11B - 33B","11B","33B",0,1,0,0,0.25,0.25,0.25,0.25,0,0.25,0.25,0,2.5
"108","11B - 33D","11B","33D",0,1,0,0,0.25,0.25,0.25,0.25,0,0.25,0.25,0.25,2.75
"109","11B - 4","11B","4",0,0,0,0,0.25,0.25,0.25,0,0,0,0.25,0,1
"110","11B - 6B","11B","6B",0,0,0,0,0.25,0,0.25,0,0,0,0.25,0,0.75
"111","11B - 7F","11B","7F",0,0,0,0,0.25,0.25,0.25,0,0,0.25,0.25,0,1.25
"112","11B - 9V","11B","9V",0,0,0,0,0.25,0,0.25,0,0,0,0.25,0,0.75
"113","11C - 14","11C","14",0,0,1,0,0.25,0,0.25,0,0.25,0.25,0.25,0.25,2.5
"114","11C - 7B/C","11C","7B/C",0,1,0,0,0.25,0.25,0.25,0,0.25,0.25,0.25,0.25,2.75
"115","11C - 9V","11C","9V",0,0,1,1,0.25,0,0.25,0,0.25,0.25,0.25,0.25,3.5
"116","11D - 11E","11D","11E",0,1,0,1,0.25,0.25,0.25,0.25,0.25,0.25,0.25,0.25,4
"117","11D - 19A","11D","19A",0,0,0,0,0.25,0,0.25,0,0.25,0.25,0.25,0,1.25
"118","11D - 23B","11D","23B",0,1,0,0,0.25,0.25,0.25,0.25,0.25,0.25,0.25,0.25,3
"119","11E - 19A","11E","19A",0,1,0,0,0.25,0,0.25,0,0.25,0.25,0.25,0,2.25
"120","11E - 23B","11E","23B",0,1,0,0,0.25,0.25,0.25,0.25,0.25,0.25,0.25,0.25,3
"121","12A - 14","12A","14",0,0,0,0,0.25,0.25,0.25,0,0,0,0.25,0,1
"122","12B - 12F","12B","12F",1,1,1,1,0.25,0.25,0.25,0.25,0.25,0.25,0.25,0.25,6
"123","12B - 35F","12B","35F",0,1,0,0,0.25,0.25,0.25,0,0,0.25,0.25,0,2.25
"124","12B - 46","12B","46",0,1,0,0,0.25,0.25,0.25,0.25,0,0.25,0.25,0.25,2.75
"125","12B - 6B","12B","6B",0,0,0,0,0.25,0,0.25,0,0.25,0,0.25,0,1
"126","12B - 7F","12B","7F",0,0,0,0,0.25,0.25,0.25,0,0,0.25,0.25,0,1.25
"127","12F - 14","12F","14",0,0,1,0,0,0,0,0,0,0,0.25,0,1.25
"128","12F - 16F","12F","16F",0,0,0,0,0,0,0.25,0,0,0,0.25,0,0.5
"129","12F - 19A","12F","19A",0,0,1,0,0,0,0,0,0.25,0.25,0.25,0.25,2
"130","12F - 19F","12F","19F",0,0,1,0,0,0,0,0,0.25,0,0.25,0,1.5
"131","12F - 23F","12F","23F",0,0,1,0,0,0,0,0,0,0.25,0.25,0,1.5
"132","12F - 3","12F","3",0,0,1,0,0,0,0.25,0,0.25,0.25,0.25,0.25,2.25
"133","12F - 38","12F","38",0,0,0,0,0,0,0.25,0,0,0,0.25,0,0.5
"134","12F - 4","12F","4",0,0,1,0,0,0.25,0.25,0,0,0.25,0.25,0.25,2.25
"135","12F - 46","12F","46",0,1,0,0,0,0.25,0.25,0.25,0,0.25,0.25,0,2.25
"136","12F - 6B","12F","6B",0,0,1,0,0,0,0,0,0.25,0.25,0.25,0.25,2
"137","12F - 7F","12F","7F",1,1,1,0,0.25,0.25,0.25,0.25,0,0.25,0.25,0.25,4.75
"138","12F - 9L","12F","9L",0,0,1,0,0,0.25,0.25,0,0,0.25,0.25,0.25,2.25
"139","12F - 9N","12F","9N",0,0,1,0,0,0,0.25,0,0,0.25,0.25,0.25,2
"140","12F - 9V","12F","9V",0,0,1,0,0,0,0.25,0,0,0.25,0.25,0.25,2
"141","13 - 14","13","14",0,0,1,0,0,0,0.25,0,0,0.25,0.25,0.25,2
"142","13 - 15B/C","13","15B/C",0,0,1,0,0.25,0,0.25,0,0.25,0.25,0.25,0.25,2.5
"143","13 - 17F","13","17F",0,0,1,0,0,0.25,0.25,0,0,0.25,0.25,0.25,2.25
"144","13 - 18C","13","18C",0,0,1,0,0,0,0.25,0,0.25,0.25,0.25,0.25,2.25
"145","13 - 19A","13","19A",0,0,1,0,0.25,0,0.25,0,0.25,0.25,0.25,0.25,2.5
"146","13 - 19F","13","19F",0,0,1,0,0,0,0,0,0.25,0.25,0.25,0.25,2
"147","13 - 2","13","2",0,0,0,0,0,0.25,0.25,0.25,0,0.25,0.25,0,1.25
"148","13 - 23A","13","23A",0,0,1,0,0.25,0.25,0.25,0,0,0.25,0.25,0.25,2.5
"149","13 - 23F","13","23F",1,0,1,0,0.25,0,0.25,0,0.25,0.25,0.25,0.25,3.5
"150","13 - 31","13","31",0,0,0,0,0,0.25,0.25,0.25,0,0.25,0.25,0.25,1.5
"151","13 - 35B","13","35B",0,0,0,0,0,0,0.25,0,0,0,0.25,0,0.5
"152","13 - 38","13","38",0,0,1,0,0,0.25,0.25,0,0,0.25,0.25,0.25,2.25
"153","13 - 6A","13","6A",0,0,1,0,0,0,0,0,0.25,0.25,0.25,0.25,2
"154","13 - 6B","13","6B",0,0,1,0,0,0,0,0,0.25,0.25,0.25,0.25,2
"155","13 - 6C/D","13","6C/D",0,0,1,0,0,0,0.25,0,0,0.25,0.25,0.25,2
"156","13 - 9A","13","9A",0,0,0,0,0,0,0.25,0,0,0,0.25,0,0.5
"157","13 - 9V","13","9V",0,0,1,1,0.25,0.25,0.25,0,0.25,0.25,0.25,0.25,3.75
"158","14 - 15A","14","15A",1,0,1,0,0,0,0.25,0,0,0.25,0.25,0.25,3
"159","14 - 15B/C","14","15B/C",1,0,1,0,0,0,0,0,0,0.25,0.25,0.25,2.75
"160","14 - 18C","14","18C",1,0,1,0,0,0,0.25,0,0,0.25,0.25,0.25,3
"161","14 - 18F","14","18F",0,0,0,0,0,0,0.25,0,0,0.25,0.25,0,0.75
"162","14 - 19A","14","19A",1,0,1,0,0.25,0.25,0.25,0.25,0.25,0.25,0.25,0.25,4
"163","14 - 19B","14","19B",0,0,1,0,0,0,0.25,0,0,0.25,0.25,0.25,2
"164","14 - 19C","14","19C",0,0,0,0,0,0,0.25,0,0,0.25,0.25,0.25,1
"165","14 - 19F","14","19F",1,0,1,0,0.25,0.25,0.25,0.25,0.25,0.25,0.25,0.25,4
"166","14 - 21","14","21",0,0,1,0,0,0,0,0,0,0.25,0.25,0.25,1.75
"167","14 - 22F","14","22F",0,0,1,0,0,0,0.25,0,0,0.25,0.25,0.25,2
"168","14 - 23A","14","23A",0,0,1,0,0,0,0,0,0,0.25,0.25,0.25,1.75
"169","14 - 23B","14","23B",1,0,1,0,0,0,0.25,0,0,0.25,0.25,0.25,3
"170","14 - 23F","14","23F",1,0,1,0,0,0,0,0,0,0,0.25,0,2.25
"171","14 - 24F","14","24F",1,0,1,0,0,0.25,0.25,0,0,0.25,0.25,0.25,3.25
"172","14 - 3","14","3",1,0,1,0,0,0,0.25,0,0,0.25,0.25,0.25,3
"173","14 - 31","14","31",0,0,0,0,0,0.25,0.25,0.25,0,0,0.25,0,1
"174","14 - 35B","14","35B",1,0,1,0,0,0,0.25,0,0,0,0.25,0,2.5
"175","14 - 35F","14","35F",0,0,0,0,0,0,0,0,0,0,0.25,0,0.25
"176","14 - 38","14","38",0,0,1,0,0,0,0.25,0,0,0.25,0.25,0.25,2
"177","14 - 4","14","4",1,0,1,0,0,0.25,0.25,0.25,0,0.25,0.25,0.25,3.5
"178","14 - 42","14","42",0,0,0,0,0,0,0.25,0,0,0,0.25,0,0.5
"179","14 - 6A","14","6A",1,0,1,0,0,0.25,0,0,0,0,0.25,0,2.5
"180","14 - 6B","14","6B",1,0,1,0,0,0,0,0,0,0,0.25,0,2.25
"181","14 - 6C/D","14","6C/D",1,0,1,0,0,0.25,0,0,0,0,0.25,0,2.5
"182","14 - 6E","14","6E",0,0,1,0,0,0,0,0,0,0,0.25,0,1.25
"183","14 - 7A","14","7A",0,0,0,0,0,0,0.25,0,0,0,0.25,0,0.5
"184","14 - 7B/C","14","7B/C",0,0,1,0,0,0,0.25,0,0,0.25,0.25,0.25,2
"185","14 - 7F","14","7F",1,0,1,0,0,0,0.25,0,0,0.25,0.25,0.25,3
"186","14 - 8","14","8",0,0,1,0,0,0,0,0,0,0,0.25,0,1.25
"187","14 - 9A","14","9A",0,0,0,0,0,0,0.25,0,0,0.25,0.25,0,0.75
"188","14 - 9L","14","9L",0,0,1,0,0,0,0.25,0,0,0.25,0.25,0.25,2
"189","14 - 9N","14","9N",1,0,0,0,0,0,0.25,0,0,0,0.25,0,1.5
"190","14 - 9V","14","9V",1,1,1,0,0,0.25,0.25,0.25,0,0.25,0.25,0.25,4.5
"191","15A - 15B/C","15A","15B/C",1,1,1,0,0.25,0.25,0.25,0.25,0.25,0.25,0.25,0.25,5
"192","15A - 15F","15A","15F",1,1,1,1,0,0.25,0.25,0.25,0,0.25,0.25,0.25,5.5
"193","15A - 17F","15A","17F",0,0,0,0,0,0,0.25,0,0,0,0.25,0,0.5
"194","15A - 18C","15A","18C",0,0,1,0,0,0,0,0,0,0.25,0.25,0.25,1.75
"195","15A - 19A","15A","19A",1,0,1,0,0.25,0,0.25,0,0.25,0.25,0.25,0.25,3.5
"196","15A - 19B","15A","19B",0,0,0,0,0,0,0.25,0,0,0.25,0.25,0,0.75
"197","15A - 19F","15A","19F",1,0,1,0,0.25,0,0.25,0,0.25,0.25,0.25,0.25,3.5
"198","15A - 21","15A","21",0,0,1,0,0,0,0.25,0,0,0.25,0.25,0.25,2
"199","15A - 23A","15A","23A",1,0,1,0,0,0,0.25,0,0,0.25,0.25,0.25,3
"200","15A - 23B","15A","23B",0,0,1,0,0,0,0.25,0,0,0.25,0.25,0.25,2
"201","15A - 23F","15A","23F",1,0,1,0,0,0,0,0,0,0.25,0.25,0.25,2.75
"202","15A - 3","15A","3",1,0,1,0,0,0,0.25,0,0,0.25,0.25,0.25,3
"203","15A - 31","15A","31",0,0,0,0,0,0,0.25,0,0,0.25,0.25,0,0.75
"204","15A - 33F","15A","33F",0,0,1,0,0,0,0.25,0,0,0.25,0.25,0.25,2
"205","15A - 35B","15A","35B",0,0,1,0,0,0,0,0,0,0.25,0.25,0.25,1.75
"206","15A - 37","15A","37",0,0,1,0,0,0,0.25,0,0,0.25,0.25,0.25,2
"207","15A - 38","15A","38",0,0,0,0,0,0,0.25,0,0,0,0.25,0,0.5
"208","15A - 4","15A","4",0,0,1,0,0,0,0,0,0,0.25,0.25,0.25,1.75
"209","15A - 6A","15A","6A",0,0,1,0,0,0.25,0,0,0.25,0.25,0.25,0.25,2.25
"210","15A - 6B","15A","6B",1,0,1,0,0,0.25,0,0,0,0,0.25,0,2.5
"211","15A - 6C/D","15A","6C/D",0,0,1,0,0,0.25,0,0,0,0.25,0.25,0.25,2
"212","15A - 7B/C","15A","7B/C",0,0,1,0,0,0,0.25,0,0,0.25,0.25,0,1.75
"213","15A - 8","15A","8",0,0,1,0,0,0,0.25,0,0,0.25,0.25,0.25,2
"214","15A - 9A","15A","9A",0,0,1,0,0,0,0,0,0,0.25,0.25,0.25,1.75
"215","15A - 9V","15A","9V",0,0,1,0,0,0,0,0,0,0.25,0.25,0.25,1.75
"216","15B/C - 15F","15B/C","15F",1,1,1,0,0,0.25,0.25,0.25,0,0.25,0.25,0.25,4.5
"217","15B/C - 17F","15B/C","17F",0,0,1,0,0,0,0.25,0,0,0.25,0.25,0,1.75
"218","15B/C - 18C","15B/C","18C",1,0,1,0,0,0,0.25,0,0,0.25,0.25,0.25,3
"219","15B/C - 19A","15B/C","19A",1,1,1,0,0.25,0.25,0.25,0.25,0.25,0.25,0.25,0.25,5
"220","15B/C - 19B","15B/C","19B",0,0,0,0,0,0,0.25,0,0,0.25,0.25,0,0.75
"221","15B/C - 19F","15B/C","19F",1,0,1,0,0.25,0,0.25,0,0.25,0.25,0.25,0.25,3.5
"222","15B/C - 21","15B/C","21",0,0,1,0,0,0,0.25,0,0,0.25,0.25,0.25,2
"223","15B/C - 22A","15B/C","22A",0,0,1,0,0,0,0.25,0,0,0.25,0.25,0.25,2
"224","15B/C - 22F","15B/C","22F",0,0,1,0,0,0,0,0,0,0.25,0.25,0.25,1.75
"225","15B/C - 23A","15B/C","23A",1,1,1,0,0,0.25,0.25,0.25,0,0.25,0.25,0.25,4.5
"226","15B/C - 23B","15B/C","23B",0,0,1,0,0,0,0.25,0,0,0.25,0.25,0.25,2
"227","15B/C - 23F","15B/C","23F",1,0,1,0,0,0,0,0,0.25,0.25,0.25,0.25,3
"228","15B/C - 24A","15B/C","24A",0,0,0,0,0,0,0.25,0,0,0.25,0.25,0,0.75
"229","15B/C - 24F","15B/C","24F",0,0,0,0,0,0,0.25,0,0,0,0.25,0,0.5
"230","15B/C - 3","15B/C","3",1,0,1,0,0,0,0.25,0,0,0.25,0.25,0.25,3
"231","15B/C - 31","15B/C","31",0,0,0,0,0,0.25,0.25,0.25,0,0.25,0.25,0,1.25
"232","15B/C - 35A","15B/C","35A",0,0,0,0,0,0,0.25,0,0,0,0.25,0,0.5
"233","15B/C - 35B","15B/C","35B",1,0,1,0,0,0,0.25,0,0,0.25,0.25,0.25,3
"234","15B/C - 38","15B/C","38",0,0,0,0,0,0,0.25,0,0,0,0.25,0,0.5
"235","15B/C - 4","15B/C","4",1,0,1,0,0,0,0.25,0,0,0.25,0.25,0.25,3
"236","15B/C - 6A","15B/C","6A",1,0,1,0,0,0.25,0,0,0.25,0.25,0.25,0.25,3.25
"237","15B/C - 6B","15B/C","6B",1,0,1,0,0,0,0,0,0.25,0.25,0.25,0.25,3
"238","15B/C - 6C/D","15B/C","6C/D",1,0,1,0,0,0,0,0,0,0.25,0.25,0.25,2.75
"239","15B/C - 7B/C","15B/C","7B/C",0,0,1,0,0,0,0.25,0,0,0.25,0.25,0.25,2
"240","15B/C - 8","15B/C","8",0,0,0,0,0,0,0.25,0,0,0,0.25,0,0.5
"241","15B/C - 9A","15B/C","9A",0,0,0,0,0,0,0,0,0,0.25,0.25,0.25,0.75
"242","15B/C - 9N","15B/C","9N",0,0,1,0,0,0,0,0,0,0.25,0.25,0,1.5
"243","15B/C - 9V","15B/C","9V",1,1,1,0,0,0,0.25,0,0,0.25,0.25,0.25,4
"244","15F - 17F","15F","17F",0,0,0,0,0,0.25,0.25,0,0,0.25,0.25,0.25,1.25
"245","15F - 19A","15F","19A",1,1,1,0,0.25,0.25,0.25,0.25,0.25,0.25,0.25,0.25,5
"246","15F - 19B","15F","19B",0,1,0,0,0,0.25,0.25,0.25,0,0.25,0.25,0.25,2.5
"247","15F - 19F","15F","19F",1,0,1,0,0.25,0,0.25,0,0.25,0.25,0.25,0.25,3.5
"248","15F - 23A","15F","23A",0,0,1,0,0,0,0.25,0,0.25,0.25,0.25,0.25,2.25
"249","15F - 23F","15F","23F",0,0,1,0,0.25,0,0.25,0,0.25,0.25,0.25,0.25,2.5
"250","15F - 3","15F","3",0,0,1,0,0.25,0.25,0.25,0,0.25,0.25,0.25,0.25,2.75
"251","15F - 33F","15F","33F",0,0,0,0,0,0.25,0.25,0,0,0,0.25,0,0.75
"252","15F - 48","15F","48",0,1,0,0,0,0.25,0.25,0.25,0,0.25,0.25,0,2.25
"253","15F - 7B/C","15F","7B/C",0,1,0,0,0.25,0.25,0.25,0.25,0,0.25,0.25,0.25,2.75
"254","16A - 16F","16A","16F",0,1,0,0,0.25,0.25,0.25,0.25,0.25,0.25,0.25,0,2.75
"255","16F - 19A","16F","19A",1,0,1,0,0.25,0,0.25,0,0,0,0.25,0,2.75
"256","16F - 19F","16F","19F",0,0,1,0,0,0,0,0,0,0,0.25,0,1.25
"257","16F - 22A","16F","22A",0,0,0,0,0,0.25,0.25,0,0,0.25,0.25,0,1
"258","16F - 22F","16F","22F",0,0,1,0,0,0.25,0.25,0.25,0,0.25,0.25,0.25,2.5
"259","16F - 23F","16F","23F",0,0,0,0,0,0,0,0,0,0,0,0,0
"260","16F - 3","16F","3",0,0,0,0,0,0,0.25,0,0,0,0.25,0,0.5
"261","16F - 33A","16F","33A",0,0,0,0,0,0.25,0.25,0,0,0.25,0.25,0,1
"262","16F - 33F","16F","33F",0,0,0,0,0,0,0.25,0,0,0,0.25,0,0.5
"263","16F - 37","16F","37",0,0,0,0,0,0.25,0.25,0,0,0,0.25,0,0.75
"264","16F - 6A","16F","6A",0,0,1,0,0,0,0,0,0,0,0,0,1
"265","16F - 6B","16F","6B",0,0,1,0,0,0,0,0,0,0,0,0,1
"266","16F - 8","16F","8",0,0,0,0,0,0.25,0.25,0.25,0,0,0.25,0,1
"267","17F - 19A","17F","19A",0,0,1,0,0,0,0,0,0,0,0.25,0,1.25
"268","17F - 19F","17F","19F",0,0,1,0,0,0,0,0,0.25,0,0.25,0,1.5
"269","17F - 2","17F","2",0,0,0,0,0,0.25,0.25,0.25,0,0.25,0.25,0.25,1.5
"270","17F - 22A","17F","22A",0,1,1,1,0,0.25,0.25,0.25,0,0.25,0.25,0.25,4.5
"271","17F - 23A","17F","23A",0,0,1,0,0,0,0.25,0,0,0.25,0.25,0.25,2
"272","17F - 23F","17F","23F",1,0,1,0,0.25,0.25,0.25,0.25,0.25,0.25,0.25,0.25,4
"273","17F - 3","17F","3",0,0,1,0,0,0,0.25,0,0.25,0.25,0.25,0.25,2.25
"274","17F - 35B","17F","35B",0,0,1,0,0,0,0.25,0,0,0.25,0.25,0.25,2
"275","17F - 35C","17F","35C",0,0,0,0,0,0,0.25,0,0,0,0.25,0,0.5
"276","17F - 38","17F","38",0,0,0,0,0,0,0.25,0,0,0,0.25,0,0.5
"277","17F - 4","17F","4",0,0,1,0,0,0,0.25,0,0,0,0.25,0,1.5
"278","17F - 48","17F","48",0,0,0,0,0,0.25,0.25,0.25,0,0.25,0.25,0,1.25
"279","17F - 6B","17F","6B",0,0,1,0,0,0,0,0,0.25,0,0.25,0,1.5
"280","17F - 6C/D","17F","6C/D",0,0,1,0,0,0,0,0,0,0,0.25,0,1.25
"281","17F - 9V","17F","9V",0,0,1,0,0,0,0.25,0,0,0.25,0.25,0.25,2
"282","18A - 18B","18A","18B",0,1,1,1,0.25,0.25,0.25,0.25,0.25,0.25,0.25,0.25,5
"283","18A - 18C","18A","18C",0,0,1,1,0,0,0.25,0,0.25,0.25,0.25,0.25,3.25
"284","18A - 18F","18A","18F",0,1,1,1,0,0.25,0.25,0,0,0.25,0.25,0.25,4.25
"285","18A - 23F","18A","23F",0,0,1,0,0,0,0.25,0,0.25,0.25,0.25,0.25,2.25
"286","18A - 6B","18A","6B",0,0,1,0,0,0,0,0,0.25,0.25,0.25,0.25,2
"287","18B - 18C","18B","18C",1,1,1,1,0.25,0.25,0.25,0.25,0.25,0.25,0.25,0.25,6
"288","18B - 18F","18B","18F",0,1,1,1,0,0.25,0.25,0,0.25,0.25,0.25,0.25,4.5
"289","18B - 19A","18B","19A",0,0,1,0,0,0,0,0,0.25,0.25,0.25,0.25,2
"290","18B - 22F","18B","22F",0,0,1,1,0,0,0.25,0,0.25,0.25,0.25,0.25,3.25
"291","18B - 24F","18B","24F",0,1,0,0,0,0,0.25,0,0,0.25,0.25,0.25,2
"292","18B - 7F","18B","7F",0,0,1,0,0,0,0.25,0,0.25,0.25,0.25,0.25,2.25
"293","18C - 18F","18C","18F",1,1,1,1,0,0.25,0.25,0.25,0,0.25,0.25,0.25,5.5
"294","18C - 19A","18C","19A",1,0,1,0,0,0,0,0,0.25,0.25,0.25,0.25,3
"295","18C - 19F","18C","19F",1,0,1,0,0,0,0,0,0.25,0.25,0.25,0.25,3
"296","18C - 21","18C","21",1,0,1,0,0,0.25,0.25,0.25,0,0.25,0.25,0.25,3.5
"297","18C - 22F","18C","22F",0,0,1,0,0,0,0.25,0,0,0.25,0.25,0.25,2
"298","18C - 23F","18C","23F",0,0,1,0,0,0,0,0,0.25,0.25,0.25,0.25,2
"299","18C - 24F","18C","24F",0,0,0,0,0,0,0.25,0,0,0.25,0.25,0,0.75
"300","18C - 3","18C","3",0,0,1,0,0,0,0,0,0,0.25,0.25,0.25,1.75
"301","18C - 33A","18C","33A",0,0,0,0,0,0,0.25,0,0,0.25,0.25,0.25,1
"302","18C - 33B","18C","33B",0,0,0,0,0,0,0.25,0,0,0,0.25,0,0.5
"303","18C - 33F","18C","33F",0,0,0,0,0,0,0.25,0,0,0.25,0.25,0,0.75
"304","18C - 35A","18C","35A",0,0,1,1,0,0,0.25,0,0,0.25,0.25,0.25,3
"305","18C - 35B","18C","35B",0,0,0,0,0,0,0,0,0,0,0.25,0,0.25
"306","18C - 35F","18C","35F",0,0,1,0,0,0,0.25,0,0,0.25,0.25,0.25,2
"307","18C - 38","18C","38",0,0,1,0,0,0,0.25,0,0,0.25,0.25,0.25,2
"308","18C - 4","18C","4",1,0,1,0,0,0,0.25,0,0,0.25,0.25,0.25,3
"309","18C - 6A","18C","6A",0,0,1,0,0,0.25,0,0,0,0,0.25,0,1.5
"310","18C - 6B","18C","6B",1,0,1,0,0,0.25,0,0,0.25,0,0.25,0,2.75
"311","18C - 7A","18C","7A",0,0,0,0,0,0,0.25,0,0,0.25,0.25,0.25,1
"312","18C - 7F","18C","7F",1,0,1,0,0,0.25,0.25,0,0,0.25,0.25,0.25,3.25
"313","18C - 8","18C","8",0,0,1,0,0,0,0.25,0,0,0.25,0.25,0.25,2
"314","18C - 9N","18C","9N",0,0,0,0,0,0,0.25,0,0,0,0.25,0,0.5
"315","18C - 9V","18C","9V",0,0,1,0,0,0,0,0,0,0.25,0.25,0.25,1.75
"316","18F - 19A","18F","19A",0,0,1,0,0,0,0,0,0.25,0,0.25,0,1.5
"317","18F - 19F","18F","19F",0,0,0,0,0,0,0,0,0,0,0.25,0,0.25
"318","18F - 22A","18F","22A",0,1,1,1,0,0.25,0.25,0,0.25,0.25,0.25,0.25,4.5
"319","18F - 23F","18F","23F",0,0,1,0,0,0,0,0,0.25,0.25,0.25,0.25,2
"320","18F - 24F","18F","24F",0,0,0,0,0,0.25,0.25,0,0,0.25,0.25,0.25,1.25
"321","18F - 6A","18F","6A",0,0,0,0,0,0,0,0,0,0,0.25,0,0.25
"322","18F - 6B","18F","6B",0,0,1,0,0,0,0,0,0.25,0.25,0.25,0.25,2
"323","18F - 6C/D","18F","6C/D",0,0,0,0,0,0,0.25,0,0,0,0.25,0,0.5
"324","18F - 7F","18F","7F",0,0,0,0,0,0,0.25,0,0,0.25,0.25,0.25,1
"325","19A - 19B","19A","19B",0,0,0,0,0,0,0.25,0,0,0,0.25,0,0.5
"326","19A - 19C","19A","19C",0,0,0,0,0,0,0.25,0,0,0,0.25,0,0.5
"327","19A - 19F","19A","19F",1,1,1,0,0.25,0.25,0.25,0.25,0.25,0.25,0.25,0.25,5
"328","19A - 21","19A","21",1,0,1,0,0,0,0.25,0,0,0.25,0.25,0.25,3
"329","19A - 22A","19A","22A",0,0,1,0,0,0,0,0,0,0,0.25,0,1.25
"330","19A - 22F","19A","22F",1,0,1,0,0,0,0.25,0,0,0.25,0.25,0.25,3
"331","19A - 23A","19A","23A",1,0,1,0,0,0,0.25,0,0,0.25,0.25,0.25,3
"332","19A - 23B","19A","23B",1,0,1,0,0,0,0.25,0,0,0.25,0.25,0.25,3
"333","19A - 23F","19A","23F",1,0,1,0,0.25,0,0.25,0,0,0.25,0.25,0.25,3.25
"334","19A - 24F","19A","24F",1,0,1,0,0,0,0.25,0,0,0,0.25,0,2.5
"335","19A - 27","19A","27",0,0,0,0,0,0,0.25,0,0,0,0.25,0,0.5
"336","19A - 29","19A","29",0,0,1,0,0,0,0,0,0,0,0.25,0,1.25
"337","19A - 3","19A","3",1,0,1,0,0,0,0,0,0,0.25,0.25,0.25,2.75
"338","19A - 31","19A","31",0,0,1,0,0,0,0.25,0,0,0.25,0.25,0.25,2
"339","19A - 33F","19A","33F",0,0,1,0,0,0,0,0,0,0.25,0.25,0,1.5
"340","19A - 34","19A","34",1,0,1,0,0,0,0.25,0,0,0,0.25,0,2.5
"341","19A - 35B","19A","35B",1,0,1,0,0,0,0,0,0,0,0.25,0,2.25
"342","19A - 35C","19A","35C",0,0,1,0,0,0,0,0,0,0,0.25,0,1.25
"343","19A - 37","19A","37",0,0,1,0,0,0,0,0,0,0.25,0.25,0.25,1.75
"344","19A - 38","19A","38",0,0,1,0,0,0,0,0,0,0,0.25,0,1.25
"345","19A - 4","19A","4",1,0,1,0,0,0,0,0,0,0,0.25,0,2.25
"346","19A - 42","19A","42",0,0,1,0,0,0,0.25,0,0,0.25,0.25,0.25,2
"347","19A - 5","19A","5",0,0,1,0,0,0,0.25,0,0,0.25,0.25,0.25,2
"348","19A - 6A","19A","6A",1,0,1,0,0,0.25,0,0,0.25,0.25,0.25,0.25,3.25
"349","19A - 6B","19A","6B",1,0,1,0,0,0.25,0,0,0,0.25,0.25,0.25,3
"350","19A - 6C/D","19A","6C/D",1,0,1,0,0,0.25,0,0,0,0.25,0.25,0.25,3
"351","19A - 6E","19A","6E",1,0,1,0,0,0.25,0,0,0,0.25,0.25,0.25,3
"352","19A - 7B/C","19A","7B/C",1,0,1,0,0,0.25,0.25,0.25,0,0,0.25,0,3
"353","19A - 7F","19A","7F",1,0,1,0,0,0,0,0,0,0.25,0.25,0.25,2.75
"354","19A - 8","19A","8",0,0,1,0,0,0,0,0,0,0.25,0.25,0.25,1.75
"355","19A - 9A","19A","9A",1,1,1,0,0,0,0.25,0,0,0.25,0.25,0,3.75
"356","19A - 9L","19A","9L",0,0,1,0,0,0,0,0,0,0,0.25,0,1.25
"357","19A - 9N","19A","9N",1,0,1,0,0,0,0,0,0,0,0.25,0,2.25
"358","19A - 9V","19A","9V",1,0,1,0,0,0,0.25,0,0,0.25,0.25,0.25,3
"359","19B - 19F","19B","19F",0,0,0,0,0.25,0,0.25,0,0,0,0.25,0,0.75
"360","19B - 23A","19B","23A",0,0,0,0,0.25,0,0.25,0,0,0.25,0.25,0.25,1.25
"361","19B - 23F","19B","23F",0,0,1,0,0.25,0,0.25,0,0.25,0.25,0.25,0,2.25
"362","19B - 3","19B","3",0,0,0,0,0.25,0,0.25,0,0,0,0.25,0,0.75
"363","19B - 7B/C","19B","7B/C",0,0,1,1,0.25,0.25,0.25,0,0.25,0.25,0.25,0.25,3.75
"364","19C - 19F","19C","19F",0,0,0,0,0.25,0,0.25,0,0.25,0,0.25,0,1
"365","19C - 9L","19C","9L",0,1,0,0,0.25,0.25,0.25,0.25,0,0.25,0.25,0,2.5
"366","19F - 21","19F","21",1,0,1,0,0,0,0.25,0,0,0.25,0.25,0.25,3
"367","19F - 22F","19F","22F",1,0,1,0,0,0,0.25,0,0,0.25,0.25,0.25,3
"368","19F - 23A","19F","23A",1,0,1,0,0,0,0.25,0,0,0.25,0.25,0.25,3
"369","19F - 23B","19F","23B",1,0,1,0,0,0,0.25,0,0,0.25,0.25,0.25,3
"370","19F - 23F","19F","23F",1,0,1,0,0.25,0,0.25,0,0,0.25,0.25,0.25,3.25
"371","19F - 24F","19F","24F",1,0,1,0,0,0,0.25,0,0,0.25,0.25,0,2.75
"372","19F - 28A","19F","28A",0,0,0,0,0,0.25,0.25,0,0,0,0.25,0,0.75
"373","19F - 29","19F","29",0,0,1,0,0,0,0,0,0,0,0.25,0,1.25
"374","19F - 3","19F","3",1,0,1,0,0,0.25,0.25,0.25,0,0.25,0.25,0.25,3.5
"375","19F - 31","19F","31",0,0,1,0,0,0.25,0.25,0,0,0,0.25,0,1.75
"376","19F - 33A","19F","33A",0,0,0,0,0,0,0,0,0,0,0.25,0,0.25
"377","19F - 33B","19F","33B",0,0,0,0,0,0,0.25,0,0,0,0.25,0,0.5
"378","19F - 33D","19F","33D",0,0,0,0,0,0,0.25,0,0,0.25,0.25,0,0.75
"379","19F - 33F","19F","33F",0,0,1,0,0,0,0,0,0,0,0.25,0,1.25
"380","19F - 34","19F","34",0,0,1,0,0,0,0,0,0,0,0.25,0,1.25
"381","19F - 35B","19F","35B",1,0,1,0,0,0,0,0,0,0,0.25,0,2.25
"382","19F - 35F","19F","35F",1,0,1,0,0,0,0.25,0,0,0,0.25,0,2.5
"383","19F - 37","19F","37",0,0,1,0,0,0,0,0,0,0,0.25,0,1.25
"384","19F - 38","19F","38",0,0,1,0,0,0,0,0,0,0.25,0.25,0,1.5
"385","19F - 4","19F","4",1,0,1,0,0,0,0,0,0,0,0.25,0,2.25
"386","19F - 42","19F","42",0,0,0,0,0,0,0.25,0,0,0,0.25,0,0.5
"387","19F - 48","19F","48",0,0,0,0,0,0,0.25,0,0,0,0.25,0,0.5
"388","19F - 5","19F","5",0,0,1,0,0,0,0.25,0,0,0.25,0.25,0.25,2
"389","19F - 6A","19F","6A",1,0,1,0,0,0.25,0,0,0,0.25,0.25,0.25,3
"390","19F - 6B","19F","6B",1,0,1,0,0,0.25,0,0,0,0.25,0.25,0.25,3
"391","19F - 6C/D","19F","6C/D",1,0,1,0,0,0.25,0,0,0,0,0.25,0,2.5
"392","19F - 7B/C","19F","7B/C",1,0,1,0,0,0,0.25,0,0,0.25,0.25,0.25,3
"393","19F - 7F","19F","7F",1,0,1,0,0,0,0,0,0,0,0.25,0,2.25
"394","19F - 8","19F","8",0,0,1,0,0,0,0,0,0,0,0.25,0,1.25
"395","19F - 9A","19F","9A",1,0,0,0,0,0,0,0,0,0,0.25,0,1.25
"396","19F - 9L","19F","9L",0,0,1,0,0,0,0,0,0,0,0.25,0,1.25
"397","19F - 9N","19F","9N",1,0,1,0,0,0,0.25,0,0,0,0.25,0,2.5
"398","19F - 9V","19F","9V",1,0,1,0,0,0,0.25,0,0,0.25,0.25,0.25,3
"399","2 - 3","2","3",0,0,0,0,0.25,0.25,0.25,0,0.25,0.25,0.25,0,1.5
"400","20B - 7B/C","20B","7B/C",0,1,0,0,0.25,0.25,0.25,0.25,0.25,0.25,0.25,0.25,3
"401","21 - 22F","21","22F",0,0,1,1,0,0,0.25,0,0.25,0.25,0.25,0.25,3.25
"402","21 - 23F","21","23F",1,0,1,0,0.25,0,0.25,0,0.25,0.25,0.25,0.25,3.5
"403","21 - 3","21","3",0,0,1,0,0.25,0,0.25,0,0,0.25,0.25,0.25,2.25
"404","21 - 9V","21","9V",0,0,1,0,0,0,0.25,0,0,0.25,0.25,0.25,2
"405","22A - 22F","22A","22F",0,0,1,1,0,0.25,0.25,0,0.25,0.25,0.25,0.25,3.5
"406","22A - 32F","22A","32F",0,1,0,0,0,0.25,0.25,0.25,0,0.25,0.25,0.25,2.5
"407","22A - 35C","22A","35C",0,1,1,0,0,0.25,0.25,0,0.25,0.25,0.25,0.25,3.5
"408","22A - 4","22A","4",0,0,1,0,0,0,0.25,0,0.25,0.25,0.25,0.25,2.25
"409","22A - 42","22A","42",0,1,1,1,0,0.25,0.25,0.25,0,0.25,0.25,0.25,4.5
"410","22A - 8","22A","8",0,0,1,0,0,0.25,0.25,0,0,0.25,0.25,0.25,2.25
"411","22F - 23A","22F","23A",0,0,1,1,0,0,0.25,0,0.25,0.25,0.25,0.25,3.25
"412","22F - 23F","22F","23F",0,0,1,0,0,0,0,0,0.25,0.25,0.25,0.25,2
"413","22F - 24B","22F","24B",0,0,0,1,0,0.25,0.25,0,0,0.25,0.25,0.25,2.25
"414","22F - 24F","22F","24F",0,0,1,0,0,0.25,0.25,0.25,0,0.25,0.25,0.25,2.5
"415","22F - 29","22F","29",0,0,0,0,0,0,0.25,0,0,0.25,0.25,0,0.75
"416","22F - 3","22F","3",0,0,1,0,0,0,0.25,0,0.25,0.25,0.25,0.25,2.25
"417","22F - 33A","22F","33A",0,0,0,0,0,0.25,0.25,0,0,0.25,0.25,0,1
"418","22F - 33F","22F","33F",0,0,0,0,0,0.25,0.25,0.25,0,0.25,0.25,0,1.25
"419","22F - 35B","22F","35B",0,0,1,0,0,0,0.25,0,0,0.25,0.25,0.25,2
"420","22F - 35C","22F","35C",0,0,1,1,0,0,0.25,0,0.25,0.25,0.25,0.25,3.25
"421","22F - 4","22F","4",0,0,1,0,0,0,0.25,0,0,0.25,0.25,0.25,2
"422","22F - 42","22F","42",0,0,1,0,0,0.25,0.25,0,0,0.25,0.25,0.25,2.25
"423","22F - 8","22F","8",0,0,1,0,0,0.25,0.25,0,0,0.25,0.25,0.25,2.25
"424","22F - 9N","22F","9N",0,0,1,0,0,0,0.25,0,0,0.25,0.25,0.25,2
"425","22F - 9V","22F","9V",0,0,1,0,0,0,0.25,0,0,0.25,0.25,0.25,2
"426","23A - 23B","23A","23B",1,1,1,0,0,0.25,0.25,0.25,0,0.25,0.25,0.25,4.5
"427","23A - 23F","23A","23F",1,1,1,0,0.25,0.25,0.25,0.25,0.25,0.25,0.25,0.25,5
"428","23A - 24B","23A","24B",0,0,0,0,0,0.25,0.25,0,0,0.25,0.25,0.25,1.25
"429","23A - 24F","23A","24F",0,0,0,0,0,0,0.25,0,0,0.25,0.25,0,0.75
"430","23A - 3","23A","3",1,0,1,0,0,0,0.25,0,0.25,0.25,0.25,0.25,3.25
"431","23A - 31","23A","31",0,0,1,1,0,0.25,0.25,0.25,0,0.25,0.25,0.25,3.5
"432","23A - 33A","23A","33A",0,0,0,0,0,0,0.25,0,0,0.25,0.25,0.25,1
"433","23A - 33F","23A","33F",0,0,1,0,0,0,0.25,0,0,0.25,0.25,0.25,2
"434","23A - 35B","23A","35B",1,0,1,0,0,0,0.25,0,0,0.25,0.25,0.25,3
"435","23A - 38","23A","38",1,1,1,0,0,0.25,0.25,0.25,0,0.25,0.25,0.25,4.5
"436","23A - 4","23A","4",0,0,1,0,0,0,0,0,0,0.25,0.25,0.25,1.75
"437","23A - 6A","23A","6A",1,0,1,0,0,0,0,0,0.25,0.25,0.25,0.25,3
"438","23A - 6B","23A","6B",1,0,1,0,0,0,0,0,0.25,0.25,0.25,0.25,3
"439","23A - 6C/D","23A","6C/D",1,0,1,0,0,0,0,0,0,0.25,0.25,0.25,2.75
"440","23A - 7B/C","23A","7B/C",0,0,1,0,0,0,0.25,0,0,0.25,0.25,0.25,2
"441","23A - 8","23A","8",0,0,1,0,0,0,0.25,0,0,0.25,0.25,0.25,2
"442","23A - 9A","23A","9A",0,0,0,0,0,0,0.25,0,0,0.25,0.25,0.25,1
"443","23A - 9V","23A","9V",0,0,1,0,0,0,0,0,0,0.25,0.25,0.25,1.75
"444","23B - 23F","23B","23F",1,0,1,0,0.25,0.25,0.25,0.25,0.25,0.25,0.25,0.25,4
"445","23B - 3","23B","3",0,0,1,0,0,0,0.25,0,0,0.25,0.25,0.25,2
"446","23B - 31","23B","31",0,0,0,0,0,0.25,0.25,0,0,0.25,0.25,0.25,1.25
"447","23B - 35B","23B","35B",0,0,0,0,0,0,0.25,0,0,0,0.25,0,0.5
"448","23B - 42","23B","42",0,0,0,0,0,0.25,0.25,0,0,0,0.25,0,0.75
"449","23B - 6A","23B","6A",1,0,1,0,0.25,0,0,0,0.25,0.25,0.25,0.25,3.25
"450","23B - 6B","23B","6B",1,0,1,0,0.25,0,0.25,0,0.25,0.25,0.25,0.25,3.5
"451","23B - 6C/D","23B","6C/D",0,0,1,0,0,0,0.25,0,0.25,0.25,0.25,0.25,2.25
"452","23B - 8","23B","8",0,0,1,0,0,0,0.25,0,0,0.25,0.25,0.25,2
"453","23B - 9V","23B","9V",0,0,1,0,0,0,0,0,0,0.25,0.25,0.25,1.75
"454","23F - 24F","23F","24F",0,0,1,0,0,0,0,0,0,0.25,0.25,0.25,1.75
"455","23F - 29","23F","29",0,0,1,0,0,0,0,0,0,0,0.25,0,1.25
"456","23F - 3","23F","3",1,0,1,0,0,0,0.25,0,0,0.25,0.25,0.25,3
"457","23F - 31","23F","31",0,0,1,0,0,0,0.25,0,0,0.25,0.25,0.25,2
"458","23F - 32F","23F","32F",0,0,0,0,0,0,0.25,0,0,0,0.25,0,0.5
"459","23F - 35B","23F","35B",1,0,1,0,0,0,0,0,0,0.25,0.25,0.25,2.75
"460","23F - 35C","23F","35C",0,0,1,0,0,0,0,0,0,0,0.25,0,1.25
"461","23F - 38","23F","38",0,0,1,0,0,0,0,0,0,0,0.25,0,1.25
"462","23F - 4","23F","4",1,0,1,0,0,0,0,0,0,0,0.25,0,2.25
"463","23F - 42","23F","42",0,0,1,0,0,0,0.25,0,0,0.25,0.25,0.25,2
"464","23F - 48","23F","48",0,0,0,0,0,0,0.25,0,0,0,0.25,0,0.5
"465","23F - 5","23F","5",0,0,1,0,0,0,0.25,0,0,0,0.25,0,1.5
"466","23F - 6A","23F","6A",1,0,1,0,0.25,0,0.25,0,0,0.25,0.25,0.25,3.25
"467","23F - 6B","23F","6B",1,0,1,0,0,0.25,0,0,0,0.25,0.25,0.25,3
"468","23F - 6C/D","23F","6C/D",1,0,1,0,0,0,0,0,0,0.25,0.25,0.25,2.75
"469","23F - 6E","23F","6E",1,0,1,0,0,0,0,0,0,0.25,0.25,0.25,2.75
"470","23F - 7B/C","23F","7B/C",1,0,1,0,0,0,0.25,0,0,0.25,0.25,0.25,3
"471","23F - 7F","23F","7F",0,0,1,0,0,0,0,0,0,0.25,0.25,0.25,1.75
"472","23F - 8","23F","8",0,0,1,0,0,0,0,0,0,0,0.25,0,1.25
"473","23F - 9A","23F","9A",0,0,1,0,0,0,0,0,0,0.25,0.25,0.25,1.75
"474","23F - 9L","23F","9L",0,0,1,0,0,0,0,0,0,0.25,0.25,0.25,1.75
"475","23F - 9N","23F","9N",0,0,0,0,0,0,0,0,0,0,0.25,0,0.25
"476","23F - 9V","23F","9V",1,0,1,0,0,0,0,0,0,0.25,0.25,0.25,2.75
"477","24A - 24F","24A","24F",0,1,0,0,0.25,0.25,0.25,0,0.25,0.25,0.25,0,2.5
"478","24A - 48","24A","48",0,1,0,0,0.25,0.25,0.25,0.25,0.25,0.25,0.25,0.25,3
"479","24B - 24F","24B","24F",1,1,0,1,0.25,0.25,0.25,0.25,0.25,0.25,0.25,0.25,5
"480","24B - 35B","24B","35B",0,0,0,0,0.25,0.25,0.25,0,0.25,0.25,0.25,0,1.5
"481","24F - 3","24F","3",0,0,1,0,0,0,0.25,0,0.25,0.25,0.25,0.25,2.25
"482","24F - 35B","24F","35B",0,0,0,0,0,0,0.25,0,0,0,0.25,0,0.5
"483","24F - 4","24F","4",0,0,0,0,0,0,0.25,0,0,0,0.25,0,0.5
"484","24F - 6A","24F","6A",0,0,1,0,0,0,0,0,0,0,0.25,0,1.25
"485","24F - 6B","24F","6B",0,0,1,0,0,0,0,0,0,0,0.25,0,1.25
"486","24F - 6E","24F","6E",0,0,0,0,0,0,0.25,0,0,0,0.25,0,0.5
"487","24F - 7B/C","24F","7B/C",0,1,1,0,0,0.25,0.25,0.25,0,0.25,0.25,0.25,3.5
"488","24F - 7F","24F","7F",0,0,0,0,0,0,0.25,0,0,0.25,0.25,0.25,1
"489","24F - 9N","24F","9N",0,0,0,0,0,0,0.25,0,0,0,0.25,0,0.5
"490","24F - 9V","24F","9V",0,0,1,0,0,0,0.25,0,0,0.25,0.25,0.25,2
"491","25A - 25F","25A","25F",0,1,0,1,0.25,0.25,0.25,0.25,0.25,0.25,0.25,0.25,4
"492","25A - 29","25A","29",0,1,0,0,0.25,0.25,0.25,0,0.25,0.25,0.25,0,2.5
"493","25A - 38","25A","38",0,1,0,1,0.25,0.25,0.25,0.25,0.25,0.25,0.25,0.25,4
"494","25A - 7F","25A","7F",0,0,0,0,0.25,0.25,0.25,0,0.25,0.25,0.25,0,1.5
"495","25F - 38","25F","38",0,1,0,1,0.25,0.25,0.25,0.25,0.25,0.25,0.25,0.25,4
"496","28F - 33B","28F","33B",0,1,0,0,0.25,0.25,0.25,0.25,0,0.25,0.25,0,2.5
"497","28F - 33D","28F","33D",0,1,0,0,0.25,0.25,0.25,0.25,0,0.25,0.25,0.25,2.75
"498","29 - 35B","29","35B",1,1,1,1,0.25,0.25,0.25,0.25,0.25,0.25,0.25,0.25,6
"499","29 - 35C","29","35C",0,0,1,0,0,0,0.25,0,0,0.25,0.25,0.25,2
"500","29 - 35F","29","35F",0,0,1,0,0,0,0.25,0,0,0.25,0.25,0.25,2
"501","29 - 6E","29","6E",0,0,1,0,0,0,0.25,0,0,0.25,0.25,0.25,2
"502","29 - 9V","29","9V",0,0,1,0,0,0,0.25,0,0,0.25,0.25,0.25,2
"503","3 - 33A","3","33A",0,1,0,0,0,0.25,0.25,0,0,0.25,0.25,0.25,2.25
"504","3 - 33F","3","33F",1,0,1,0,0,0.25,0.25,0.25,0,0.25,0.25,0.25,3.5
"505","3 - 35B","3","35B",0,0,1,0,0,0,0,0,0,0.25,0.25,0.25,1.75
"506","3 - 35F","3","35F",0,0,1,0,0,0,0.25,0,0,0.25,0.25,0.25,2
"507","3 - 37","3","37",1,1,1,0,0,0.25,0.25,0.25,0,0.25,0.25,0.25,4.5
"508","3 - 38","3","38",0,0,0,0,0,0,0.25,0,0,0,0.25,0,0.5
"509","3 - 4","3","4",0,0,1,0,0,0,0,0,0,0.25,0.25,0.25,1.75
"510","3 - 42","3","42",0,0,0,0,0,0,0.25,0,0,0.25,0.25,0,0.75
"511","3 - 48","3","48",0,0,0,0,0,0.25,0.25,0,0,0,0.25,0,0.75
"512","3 - 6A","3","6A",1,0,1,0,0,0,0,0,0.25,0.25,0.25,0.25,3
"513","3 - 6B","3","6B",1,0,1,0,0.25,0,0,0,0.25,0.25,0.25,0.25,3.25
"514","3 - 6C/D","3","6C/D",0,0,1,0,0,0,0,0,0,0.25,0.25,0.25,1.75
"515","3 - 6E","3","6E",0,0,1,0,0,0,0,0,0,0.25,0.25,0.25,1.75
"516","3 - 7A","3","7A",0,0,0,0,0,0,0.25,0,0,0.25,0.25,0.25,1
"517","3 - 7B/C","3","7B/C",0,0,1,0,0,0,0.25,0,0,0.25,0.25,0.25,2
"518","3 - 7F","3","7F",0,0,1,0,0,0,0.25,0,0,0.25,0.25,0.25,2
"519","3 - 8","3","8",0,0,1,0,0,0,0.25,0,0,0.25,0.25,0.25,2
"520","3 - 9A","3","9A",0,0,0,0,0,0,0.25,0,0,0.25,0.25,0,0.75
"521","3 - 9V","3","9V",1,1,1,0,0.25,0.25,0.25,0.25,0,0.25,0.25,0.25,4.75
"522","31 - 35B","31","35B",0,0,0,0,0.25,0.25,0.25,0,0,0.25,0.25,0.25,1.5
"523","31 - 38","31","38",0,0,0,0,0.25,0.25,0.25,0.25,0,0.25,0.25,0,1.5
"524","31 - 8","31","8",0,0,1,0,0.25,0.25,0.25,0.25,0.25,0.25,0.25,0.25,3
"525","31 - 9A","31","9A",0,0,0,0,0.25,0.25,0.25,0,0,0.25,0.25,0,1.25
"526","31 - 9N","31","9N",0,0,1,1,0.25,0.25,0.25,0,0.25,0.25,0.25,0.25,3.75
"527","31 - 9V","31","9V",0,0,0,0,0.25,0,0.25,0,0,0.25,0.25,0.25,1.25
"528","32F - 35F","32F","35F",0,1,0,0,0.25,0.25,0.25,0,0.25,0.25,0.25,0,2.5
"529","33A - 33B","33A","33B",0,1,0,0,0,0.25,0.25,0,0.25,0.25,0.25,0.25,2.5
"530","33A - 33F","33A","33F",1,1,1,1,0.25,0.25,0.25,0.25,0.25,0.25,0.25,0.25,6
"531","33A - 35F","33A","35F",0,0,0,0,0,0.25,0.25,0,0.25,0.25,0.25,0,1.25
"532","33A - 6A","33A","6A",0,0,0,0,0,0,0,0,0.25,0,0.25,0,0.5
"533","33A - 8","33A","8",0,0,0,0,0,0.25,0.25,0,0.25,0.25,0.25,0.25,1.5
"534","33B - 33D","33B","33D",1,1,0,1,0.25,0.25,0.25,0.25,0,0.25,0.25,0.25,4.75
"535","33B - 33F","33B","33F",0,0,0,0,0.25,0.25,0.25,0,0,0.25,0.25,0,1.25
"536","33B - 35F","33B","35F",0,0,0,0,0.25,0.25,0.25,0,0,0,0.25,0,1
"537","33B - 6A","33B","6A",0,0,1,0,0.25,0,0.25,0,0.25,0,0.25,0,2
"538","33B - 6B","33B","6B",0,0,0,0,0.25,0,0,0,0,0,0.25,0,0.5
"539","33C - 6B","33C","6B",0,0,0,0,0.25,0,0.25,0,0.25,0,0.25,0,1
"540","33D - 6A","33D","6A",0,0,1,0,0.25,0,0.25,0,0.25,0.25,0.25,0.25,2.5
"541","33D - 6B","33D","6B",0,0,1,0,0.25,0,0.25,0,0.25,0.25,0.25,0.25,2.5
"542","33F - 35F","33F","35F",0,0,0,0,0,0,0.25,0,0,0,0.25,0,0.5
"543","33F - 37","33F","37",0,0,1,0,0,0.25,0.25,0,0,0.25,0.25,0.25,2.25
"544","33F - 6A","33F","6A",0,0,0,0,0,0,0,0,0,0,0,0,0
"545","33F - 8","33F","8",0,0,1,0,0,0.25,0.25,0,0,0.25,0.25,0.25,2.25
"546","33F - 9V","33F","9V",0,0,0,0,0,0,0.25,0,0,0.25,0.25,0,0.75
"547","34 - 37","34","37",0,0,0,0,0,0.25,0.25,0,0,0,0.25,0,0.75
"548","34 - 5","34","5",0,0,0,0,0,0.25,0.25,0,0,0.25,0.25,0,1
"549","34 - 6A","34","6A",0,0,1,0,0,0,0,0,0,0,0.25,0,1.25
"550","34 - 6B","34","6B",0,0,1,0,0.25,0,0,0,0.25,0.25,0.25,0.25,2.25
"551","34 - 6C/D","34","6C/D",0,0,1,0,0.25,0,0.25,0,0,0,0.25,0,1.75
"552","34 - 9L","34","9L",0,0,1,0,0,0.25,0.25,0,0,0.25,0.25,0.25,2.25
"553","35A - 35B","35A","35B",0,1,1,0,0.25,0.25,0.25,0,0,0.25,0.25,0.25,3.5
"554","35A - 35C","35A","35C",1,1,1,0,0.25,0.25,0.25,0.25,0,0.25,0.25,0.25,4.75
"555","35A - 35F","35A","35F",0,0,0,0,0,0.25,0.25,0,0,0.25,0.25,0.25,1.25
"556","35A - 9V","35A","9V",1,1,1,0,0.25,0.25,0.25,0.25,0,0.25,0.25,0.25,4.75
"557","35B - 35C","35B","35C",0,0,1,1,0,0,0.25,0,0,0.25,0.25,0.25,3
"558","35B - 38","35B","38",0,0,0,0,0,0,0.25,0,0,0,0.25,0,0.5
"559","35B - 4","35B","4",0,0,0,0,0,0,0.25,0,0,0,0.25,0,0.5
"560","35B - 6A","35B","6A",1,0,1,0,0.25,0,0,0,0,0,0.25,0,2.5
"561","35B - 6B","35B","6B",1,0,1,0,0,0,0,0,0,0,0.25,0,2.25
"562","35B - 6C/D","35B","6C/D",1,0,1,0,0,0,0,0,0,0.25,0.25,0.25,2.75
"563","35B - 7A","35B","7A",0,0,0,0,0,0.25,0.25,0,0,0.25,0.25,0,1
"564","35B - 7B/C","35B","7B/C",0,0,0,0,0,0,0.25,0,0,0,0.25,0,0.5
"565","35B - 9A","35B","9A",0,0,0,0,0,0,0.25,0,0,0,0.25,0,0.5
"566","35B - 9N","35B","9N",0,0,0,0,0,0,0.25,0,0,0,0.25,0,0.5
"567","35B - 9V","35B","9V",1,1,1,0,0,0,0.25,0,0,0.25,0.25,0.25,4
"568","35C - 35F","35C","35F",0,1,1,0,0,0.25,0.25,0.25,0,0.25,0.25,0.25,3.5
"569","35C - 36","35C","36",0,1,0,0,0,0.25,0.25,0.25,0,0.25,0.25,0,2.25
"570","35C - 42","35C","42",1,1,1,1,0.25,0.25,0.25,0.25,0.25,0.25,0.25,0.25,6
"571","35C - 9V","35C","9V",0,0,1,0,0,0,0.25,0,0,0.25,0.25,0.25,2
"572","35F - 6A","35F","6A",0,0,1,0,0,0,0,0,0,0,0.25,0,1.25
"573","35F - 7F","35F","7F",0,0,1,0,0,0,0.25,0,0,0.25,0.25,0.25,2
"574","37 - 6A","37","6A",0,0,0,0,0,0,0,0,0,0,0.25,0,0.25
"575","37 - 6B","37","6B",0,0,0,0,0,0,0,0,0,0,0.25,0,0.25
"576","38 - 4","38","4",0,0,1,0,0,0,0.25,0,0.25,0.25,0.25,0.25,2.25
"577","38 - 7A","38","7A",0,1,0,0,0,0.25,0.25,0,0,0.25,0.25,0,2
"578","38 - 7F","38","7F",0,1,1,0,0,0.25,0.25,0.25,0.25,0.25,0.25,0.25,3.75
"579","38 - 9A","38","9A",0,0,0,0,0,0,0.25,0,0,0.25,0.25,0,0.75
"580","38 - 9V","38","9V",0,0,0,0,0,0,0.25,0,0,0.25,0.25,0,0.75
"581","4 - 5","4","5",0,0,0,0,0,0,0.25,0,0,0,0.25,0,0.5
"582","4 - 6B","4","6B",0,0,1,0,0,0.25,0,0,0,0,0.25,0,1.5
"583","4 - 7F","4","7F",0,0,1,0,0,0,0.25,0,0,0.25,0.25,0.25,2
"584","4 - 8","4","8",0,0,1,0,0,0,0.25,0,0,0,0.25,0,1.5
"585","4 - 9L","4","9L",0,0,1,0,0,0,0.25,0,0,0.25,0.25,0.25,2
"586","4 - 9N","4","9N",1,0,1,0,0,0.25,0.25,0.25,0,0.25,0.25,0.25,3.5
"587","4 - 9V","4","9V",1,0,1,0,0,0,0.25,0,0,0.25,0.25,0.25,3
"588","42 - 6A","42","6A",0,0,1,0,0.25,0,0,0,0.25,0,0.25,0,1.75
"589","42 - 6B","42","6B",0,0,1,0,0.25,0,0,0,0.25,0,0.25,0,1.75
"590","42 - 9V","42","9V",0,0,1,0,0.25,0,0.25,0,0.25,0.25,0.25,0.25,2.5
"591","46 - 6B","46","6B",0,0,0,0,0.25,0,0.25,0,0.25,0,0.25,0,1
"592","5 - 6A","5","6A",0,0,1,0,0,0,0,0,0,0,0.25,0,1.25
"593","6A - 6B","6A","6B",1,1,1,0,0.25,0.25,0.25,0.25,0.25,0.25,0.25,0.25,5
"594","6A - 6C/D","6A","6C/D",1,1,1,0,0.25,0.25,0.25,0.25,0.25,0.25,0.25,0.25,5
"595","6A - 6E","6A","6E",1,1,1,0,0,0,0.25,0,0,0.25,0.25,0.25,4
"596","6A - 6F","6A","6F",0,1,0,0,0,0.25,0.25,0,0,0.25,0.25,0.25,2.25
"597","6A - 6G","6A","6G",0,1,0,0,0,0,0.25,0,0,0.25,0.25,0,1.75
"598","6A - 7F","6A","7F",0,0,1,0,0,0,0,0,0,0.25,0.25,0.25,1.75
"599","6A - 8","6A","8",0,0,1,0,0,0,0,0,0,0,0.25,0,1.25
"600","6A - 9A","6A","9A",0,0,1,0,0,0,0,0,0,0.25,0.25,0,1.5
"601","6A - 9V","6A","9V",1,0,1,0,0,0.25,0,0,0,0.25,0.25,0.25,3
"602","6B - 6C/D","6B","6C/D",1,1,1,0,0.25,0.25,0.25,0.25,0,0.25,0.25,0.25,4.75
"603","6B - 6E","6B","6E",1,1,1,0,0.25,0.25,0.25,0.25,0,0.25,0.25,0.25,4.75
"604","6B - 6G","6B","6G",0,0,0,0,0,0,0.25,0,0,0.25,0.25,0,0.75
"605","6B - 7B/C","6B","7B/C",0,0,1,0,0,0,0,0,0,0.25,0.25,0.25,1.75
"606","6B - 7F","6B","7F",1,0,1,0,0,0,0,0,0,0.25,0.25,0.25,2.75
"607","6B - 8","6B","8",1,0,1,0,0,0,0.25,0,0,0,0,0,2.25
"608","6B - 9A","6B","9A",1,0,1,0,0,0,0,0,0,0.25,0.25,0,2.5
"609","6B - 9N","6B","9N",0,0,1,0,0,0,0,0,0,0,0.25,0,1.25
"610","6B - 9V","6B","9V",1,0,1,0,0,0,0,0,0,0.25,0.25,0.25,2.75
"611","6C/D - 6E","6C/D","6E",1,0,1,0,0,0,0,0,0,0.25,0.25,0.25,2.75
"612","6C/D - 6F","6C/D","6F",0,1,0,0,0,0.25,0.25,0.25,0,0.25,0.25,0.25,2.5
"613","6C/D - 6G","6C/D","6G",0,1,0,0,0,0.25,0.25,0,0,0.25,0.25,0,2
"614","6C/D - 7F","6C/D","7F",0,0,1,0,0,0,0,0,0,0.25,0.25,0.25,1.75
"615","6C/D - 8","6C/D","8",0,0,1,0,0,0,0,0,0,0,0.25,0,1.25
"616","7A - 7F","7A","7F",1,1,1,1,0.25,0.25,0.25,0.25,0.25,0.25,0.25,0.25,6
"617","7B/C - 9V","7B/C","9V",0,0,1,0,0,0,0.25,0,0,0.25,0.25,0.25,2
"618","7F - 9N","7F","9N",0,0,1,0,0,0,0.25,0,0,0.25,0.25,0.25,2
"619","7F - 9V","7F","9V",0,0,1,0,0,0,0.25,0,0,0.25,0.25,0.25,2
"620","8 - 9V","8","9V",0,0,1,0,0,0,0.25,0,0,0.25,0.25,0,1.75
"621","9A - 9L","9A","9L",0,1,0,0,0,0,0.25,0,0,0.25,0.25,0,1.75
"622","9A - 9V","9A","9V",1,1,1,1,0.25,0.25,0.25,0.25,0.25,0.25,0.25,0.25,6
"623","9L - 9N","9L","9N",1,1,1,1,0.25,0.25,0.25,0.25,0.25,0.25,0.25,0.25,6
"624","9L - 9V","9L","9V",0,0,0,0,0,0,0.25,0,0,0.25,0.25,0,0.75
"625","9N - 9V","9N","9V",1,1,1,0,0.25,0.25,0.25,0.25,0,0.25,0.25,0.25,4.75
