"","X","sero_pair","Serotype1","Serotype2","mc_st_index_freq","mc_st_index_sig","mc_cc_index_freq","mc_cc_index_sig","mb_st_index_con","mb_st_index_chi","mb_st_index_lift","mb_st_index_fisher","mb_cc_index_con","mb_cc_index_chi","mb_cc_index_lift","mb_cc_index_fisher","total"
"103",103,"11A - 9V","11A","9V",1,1,1,1,0.25,0.25,0.25,0.25,0.25,0.25,0.25,0.25,6
"122",122,"12B - 12F","12B","12F",1,1,1,1,0.25,0.25,0.25,0.25,0.25,0.25,0.25,0.25,6
"287",287,"18B - 18C","18B","18C",1,1,1,1,0.25,0.25,0.25,0.25,0.25,0.25,0.25,0.25,6
"498",498,"29 - 35B","29","35B",1,1,1,1,0.25,0.25,0.25,0.25,0.25,0.25,0.25,0.25,6
"530",530,"33A - 33F","33A","33F",1,1,1,1,0.25,0.25,0.25,0.25,0.25,0.25,0.25,0.25,6
"570",570,"35C - 42","35C","42",1,1,1,1,0.25,0.25,0.25,0.25,0.25,0.25,0.25,0.25,6
"616",616,"7A - 7F","7A","7F",1,1,1,1,0.25,0.25,0.25,0.25,0.25,0.25,0.25,0.25,6
"622",622,"9A - 9V","9A","9V",1,1,1,1,0.25,0.25,0.25,0.25,0.25,0.25,0.25,0.25,6
"623",623,"9L - 9N","9L","9N",1,1,1,1,0.25,0.25,0.25,0.25,0.25,0.25,0.25,0.25,6
"30",30,"10A - 10B","10A","10B",1,1,1,1,0.25,0.25,0.25,0.25,0,0.25,0.25,0.25,5.75
"21",21,"1 - 38","1","38",1,1,1,1,0,0.25,0.25,0.25,0,0.25,0.25,0.25,5.5
"192",192,"15A - 15F","15A","15F",1,1,1,1,0,0.25,0.25,0.25,0,0.25,0.25,0.25,5.5
"293",293,"18C - 18F","18C","18F",1,1,1,1,0,0.25,0.25,0.25,0,0.25,0.25,0.25,5.5
"191",191,"15A - 15B/C","15A","15B/C",1,1,1,0,0.25,0.25,0.25,0.25,0.25,0.25,0.25,0.25,5
"219",219,"15B/C - 19A","15B/C","19A",1,1,1,0,0.25,0.25,0.25,0.25,0.25,0.25,0.25,0.25,5
"245",245,"15F - 19A","15F","19A",1,1,1,0,0.25,0.25,0.25,0.25,0.25,0.25,0.25,0.25,5
"282",282,"18A - 18B","18A","18B",0,1,1,1,0.25,0.25,0.25,0.25,0.25,0.25,0.25,0.25,5
"327",327,"19A - 19F","19A","19F",1,1,1,0,0.25,0.25,0.25,0.25,0.25,0.25,0.25,0.25,5
"427",427,"23A - 23F","23A","23F",1,1,1,0,0.25,0.25,0.25,0.25,0.25,0.25,0.25,0.25,5
"479",479,"24B - 24F","24B","24F",1,1,0,1,0.25,0.25,0.25,0.25,0.25,0.25,0.25,0.25,5
"593",593,"6A - 6B","6A","6B",1,1,1,0,0.25,0.25,0.25,0.25,0.25,0.25,0.25,0.25,5
"594",594,"6A - 6C/D","6A","6C/D",1,1,1,0,0.25,0.25,0.25,0.25,0.25,0.25,0.25,0.25,5
"137",137,"12F - 7F","12F","7F",1,1,1,0,0.25,0.25,0.25,0.25,0,0.25,0.25,0.25,4.75
"521",521,"3 - 9V","3","9V",1,1,1,0,0.25,0.25,0.25,0.25,0,0.25,0.25,0.25,4.75
"534",534,"33B - 33D","33B","33D",1,1,0,1,0.25,0.25,0.25,0.25,0,0.25,0.25,0.25,4.75
"554",554,"35A - 35C","35A","35C",1,1,1,0,0.25,0.25,0.25,0.25,0,0.25,0.25,0.25,4.75
"556",556,"35A - 9V","35A","9V",1,1,1,0,0.25,0.25,0.25,0.25,0,0.25,0.25,0.25,4.75
"602",602,"6B - 6C/D","6B","6C/D",1,1,1,0,0.25,0.25,0.25,0.25,0,0.25,0.25,0.25,4.75
"603",603,"6B - 6E","6B","6E",1,1,1,0,0.25,0.25,0.25,0.25,0,0.25,0.25,0.25,4.75
"625",625,"9N - 9V","9N","9V",1,1,1,0,0.25,0.25,0.25,0.25,0,0.25,0.25,0.25,4.75
"190",190,"14 - 9V","14","9V",1,1,1,0,0,0.25,0.25,0.25,0,0.25,0.25,0.25,4.5
"216",216,"15B/C - 15F","15B/C","15F",1,1,1,0,0,0.25,0.25,0.25,0,0.25,0.25,0.25,4.5
"225",225,"15B/C - 23A","15B/C","23A",1,1,1,0,0,0.25,0.25,0.25,0,0.25,0.25,0.25,4.5
"270",270,"17F - 22A","17F","22A",0,1,1,1,0,0.25,0.25,0.25,0,0.25,0.25,0.25,4.5
"288",288,"18B - 18F","18B","18F",0,1,1,1,0,0.25,0.25,0,0.25,0.25,0.25,0.25,4.5
"318",318,"18F - 22A","18F","22A",0,1,1,1,0,0.25,0.25,0,0.25,0.25,0.25,0.25,4.5
"409",409,"22A - 42","22A","42",0,1,1,1,0,0.25,0.25,0.25,0,0.25,0.25,0.25,4.5
"426",426,"23A - 23B","23A","23B",1,1,1,0,0,0.25,0.25,0.25,0,0.25,0.25,0.25,4.5
"435",435,"23A - 38","23A","38",1,1,1,0,0,0.25,0.25,0.25,0,0.25,0.25,0.25,4.5
"507",507,"3 - 37","3","37",1,1,1,0,0,0.25,0.25,0.25,0,0.25,0.25,0.25,4.5
"90",90,"11A - 35A","11A","35A",0,1,1,1,0,0.25,0.25,0,0,0.25,0.25,0.25,4.25
"284",284,"18A - 18F","18A","18F",0,1,1,1,0,0.25,0.25,0,0,0.25,0.25,0.25,4.25
"12",12,"1 - 19F","1","19F",1,0,1,0,0.25,0.25,0.25,0.25,0.25,0.25,0.25,0.25,4
"116",116,"11D - 11E","11D","11E",0,1,0,1,0.25,0.25,0.25,0.25,0.25,0.25,0.25,0.25,4
"162",162,"14 - 19A","14","19A",1,0,1,0,0.25,0.25,0.25,0.25,0.25,0.25,0.25,0.25,4
"165",165,"14 - 19F","14","19F",1,0,1,0,0.25,0.25,0.25,0.25,0.25,0.25,0.25,0.25,4
"243",243,"15B/C - 9V","15B/C","9V",1,1,1,0,0,0,0.25,0,0,0.25,0.25,0.25,4
"272",272,"17F - 23F","17F","23F",1,0,1,0,0.25,0.25,0.25,0.25,0.25,0.25,0.25,0.25,4
"444",444,"23B - 23F","23B","23F",1,0,1,0,0.25,0.25,0.25,0.25,0.25,0.25,0.25,0.25,4
"491",491,"25A - 25F","25A","25F",0,1,0,1,0.25,0.25,0.25,0.25,0.25,0.25,0.25,0.25,4
"493",493,"25A - 38","25A","38",0,1,0,1,0.25,0.25,0.25,0.25,0.25,0.25,0.25,0.25,4
"495",495,"25F - 38","25F","38",0,1,0,1,0.25,0.25,0.25,0.25,0.25,0.25,0.25,0.25,4
"567",567,"35B - 9V","35B","9V",1,1,1,0,0,0,0.25,0,0,0.25,0.25,0.25,4
"595",595,"6A - 6E","6A","6E",1,1,1,0,0,0,0.25,0,0,0.25,0.25,0.25,4
"19",19,"1 - 3","1","3",1,0,1,0,0,0.25,0.25,0.25,0.25,0.25,0.25,0.25,3.75
"22",22,"1 - 4","1","4",1,0,1,0,0,0.25,0.25,0.25,0.25,0.25,0.25,0.25,3.75
"157",157,"13 - 9V","13","9V",0,0,1,1,0.25,0.25,0.25,0,0.25,0.25,0.25,0.25,3.75
"355",355,"19A - 9A","19A","9A",1,1,1,0,0,0,0.25,0,0,0.25,0.25,0,3.75
"363",363,"19B - 7B/C","19B","7B/C",0,0,1,1,0.25,0.25,0.25,0,0.25,0.25,0.25,0.25,3.75
"526",526,"31 - 9N","31","9N",0,0,1,1,0.25,0.25,0.25,0,0.25,0.25,0.25,0.25,3.75
"578",578,"38 - 7F","38","7F",0,1,1,0,0,0.25,0.25,0.25,0.25,0.25,0.25,0.25,3.75
"5",5,"1 - 14","1","14",1,0,1,0,0.25,0,0.25,0,0.25,0.25,0.25,0.25,3.5
"74",74,"11A - 15F","11A","15F",0,1,1,0,0,0.25,0.25,0.25,0,0.25,0.25,0.25,3.5
"78",78,"11A - 19A","11A","19A",1,0,1,0,0.25,0,0.25,0,0.25,0.25,0.25,0.25,3.5
"87",87,"11A - 33A","11A","33A",1,1,0,0,0,0.25,0.25,0.25,0,0.25,0.25,0.25,3.5
"89",89,"11A - 33F","11A","33F",1,0,1,0,0,0.25,0.25,0.25,0,0.25,0.25,0.25,3.5
"100",100,"11A - 8","11A","8",1,0,1,0,0,0.25,0.25,0.25,0,0.25,0.25,0.25,3.5
"115",115,"11C - 9V","11C","9V",0,0,1,1,0.25,0,0.25,0,0.25,0.25,0.25,0.25,3.5
"149",149,"13 - 23F","13","23F",1,0,1,0,0.25,0,0.25,0,0.25,0.25,0.25,0.25,3.5
"177",177,"14 - 4","14","4",1,0,1,0,0,0.25,0.25,0.25,0,0.25,0.25,0.25,3.5
"195",195,"15A - 19A","15A","19A",1,0,1,0,0.25,0,0.25,0,0.25,0.25,0.25,0.25,3.5
"197",197,"15A - 19F","15A","19F",1,0,1,0,0.25,0,0.25,0,0.25,0.25,0.25,0.25,3.5
"221",221,"15B/C - 19F","15B/C","19F",1,0,1,0,0.25,0,0.25,0,0.25,0.25,0.25,0.25,3.5
"247",247,"15F - 19F","15F","19F",1,0,1,0,0.25,0,0.25,0,0.25,0.25,0.25,0.25,3.5
"296",296,"18C - 21","18C","21",1,0,1,0,0,0.25,0.25,0.25,0,0.25,0.25,0.25,3.5
"374",374,"19F - 3","19F","3",1,0,1,0,0,0.25,0.25,0.25,0,0.25,0.25,0.25,3.5
"402",402,"21 - 23F","21","23F",1,0,1,0,0.25,0,0.25,0,0.25,0.25,0.25,0.25,3.5
"405",405,"22A - 22F","22A","22F",0,0,1,1,0,0.25,0.25,0,0.25,0.25,0.25,0.25,3.5
"407",407,"22A - 35C","22A","35C",0,1,1,0,0,0.25,0.25,0,0.25,0.25,0.25,0.25,3.5
"431",431,"23A - 31","23A","31",0,0,1,1,0,0.25,0.25,0.25,0,0.25,0.25,0.25,3.5
"450",450,"23B - 6B","23B","6B",1,0,1,0,0.25,0,0.25,0,0.25,0.25,0.25,0.25,3.5
"487",487,"24F - 7B/C","24F","7B/C",0,1,1,0,0,0.25,0.25,0.25,0,0.25,0.25,0.25,3.5
"504",504,"3 - 33F","3","33F",1,0,1,0,0,0.25,0.25,0.25,0,0.25,0.25,0.25,3.5
"553",553,"35A - 35B","35A","35B",0,1,1,0,0.25,0.25,0.25,0,0,0.25,0.25,0.25,3.5
"568",568,"35C - 35F","35C","35F",0,1,1,0,0,0.25,0.25,0.25,0,0.25,0.25,0.25,3.5
"586",586,"4 - 9N","4","9N",1,0,1,0,0,0.25,0.25,0.25,0,0.25,0.25,0.25,3.5
"7",7,"1 - 15B/C","1","15B/C",1,0,1,0,0,0,0.25,0,0.25,0.25,0.25,0.25,3.25
"17",17,"1 - 23F","1","23F",1,0,1,0,0.25,0,0.25,0,0,0.25,0.25,0.25,3.25
"26",26,"1 - 6B","1","6B",1,0,1,0,0.25,0,0,0,0.25,0.25,0.25,0.25,3.25
"32",32,"10A - 10F","10A","10F",1,1,0,0,0,0.25,0.25,0.25,0,0.25,0.25,0,3.25
"38",38,"10A - 19A","10A","19A",1,0,1,0,0.25,0,0,0,0.25,0.25,0.25,0.25,3.25
"72",72,"11A - 15A","11A","15A",1,0,1,0,0,0,0.25,0,0.25,0.25,0.25,0.25,3.25
"79",79,"11A - 19F","11A","19F",1,0,1,0,0.25,0,0,0,0.25,0.25,0.25,0.25,3.25
"85",85,"11A - 3","11A","3",1,0,1,0,0,0,0.25,0,0.25,0.25,0.25,0.25,3.25
"86",86,"11A - 31","11A","31",0,0,1,1,0,0.25,0.25,0,0,0.25,0.25,0.25,3.25
"96",96,"11A - 6B","11A","6B",1,0,1,0,0,0.25,0,0,0.25,0.25,0.25,0.25,3.25
"171",171,"14 - 24F","14","24F",1,0,1,0,0,0.25,0.25,0,0,0.25,0.25,0.25,3.25
"236",236,"15B/C - 6A","15B/C","6A",1,0,1,0,0,0.25,0,0,0.25,0.25,0.25,0.25,3.25
"283",283,"18A - 18C","18A","18C",0,0,1,1,0,0,0.25,0,0.25,0.25,0.25,0.25,3.25
"290",290,"18B - 22F","18B","22F",0,0,1,1,0,0,0.25,0,0.25,0.25,0.25,0.25,3.25
"312",312,"18C - 7F","18C","7F",1,0,1,0,0,0.25,0.25,0,0,0.25,0.25,0.25,3.25
"333",333,"19A - 23F","19A","23F",1,0,1,0,0.25,0,0.25,0,0,0.25,0.25,0.25,3.25
"348",348,"19A - 6A","19A","6A",1,0,1,0,0,0.25,0,0,0.25,0.25,0.25,0.25,3.25
"370",370,"19F - 23F","19F","23F",1,0,1,0,0.25,0,0.25,0,0,0.25,0.25,0.25,3.25
"401",401,"21 - 22F","21","22F",0,0,1,1,0,0,0.25,0,0.25,0.25,0.25,0.25,3.25
"411",411,"22F - 23A","22F","23A",0,0,1,1,0,0,0.25,0,0.25,0.25,0.25,0.25,3.25
"420",420,"22F - 35C","22F","35C",0,0,1,1,0,0,0.25,0,0.25,0.25,0.25,0.25,3.25
"430",430,"23A - 3","23A","3",1,0,1,0,0,0,0.25,0,0.25,0.25,0.25,0.25,3.25
"449",449,"23B - 6A","23B","6A",1,0,1,0,0.25,0,0,0,0.25,0.25,0.25,0.25,3.25
"466",466,"23F - 6A","23F","6A",1,0,1,0,0.25,0,0.25,0,0,0.25,0.25,0.25,3.25
"513",513,"3 - 6B","3","6B",1,0,1,0,0.25,0,0,0,0.25,0.25,0.25,0.25,3.25
"11",11,"1 - 19A","1","19A",1,0,1,0,0,0,0,0,0.25,0.25,0.25,0.25,3
"15",15,"1 - 23A","1","23A",1,0,1,0,0,0,0.25,0,0,0.25,0.25,0.25,3
"25",25,"1 - 6A","1","6A",1,0,1,0,0,0,0,0,0.25,0.25,0.25,0.25,3
"29",29,"1 - 9V","1","9V",1,0,1,0,0,0,0.25,0,0,0.25,0.25,0.25,3
"71",71,"11A - 14","11A","14",1,0,1,0,0,0,0.25,0,0,0.25,0.25,0.25,3
"73",73,"11A - 15B/C","11A","15B/C",1,0,1,0,0,0,0.25,0,0,0.25,0.25,0.25,3
"81",81,"11A - 23A","11A","23A",0,0,1,1,0,0,0.25,0,0,0.25,0.25,0.25,3
"118",118,"11D - 23B","11D","23B",0,1,0,0,0.25,0.25,0.25,0.25,0.25,0.25,0.25,0.25,3
"120",120,"11E - 23B","11E","23B",0,1,0,0,0.25,0.25,0.25,0.25,0.25,0.25,0.25,0.25,3
"158",158,"14 - 15A","14","15A",1,0,1,0,0,0,0.25,0,0,0.25,0.25,0.25,3
"160",160,"14 - 18C","14","18C",1,0,1,0,0,0,0.25,0,0,0.25,0.25,0.25,3
"169",169,"14 - 23B","14","23B",1,0,1,0,0,0,0.25,0,0,0.25,0.25,0.25,3
"172",172,"14 - 3","14","3",1,0,1,0,0,0,0.25,0,0,0.25,0.25,0.25,3
"185",185,"14 - 7F","14","7F",1,0,1,0,0,0,0.25,0,0,0.25,0.25,0.25,3
"199",199,"15A - 23A","15A","23A",1,0,1,0,0,0,0.25,0,0,0.25,0.25,0.25,3
"202",202,"15A - 3","15A","3",1,0,1,0,0,0,0.25,0,0,0.25,0.25,0.25,3
"218",218,"15B/C - 18C","15B/C","18C",1,0,1,0,0,0,0.25,0,0,0.25,0.25,0.25,3
"227",227,"15B/C - 23F","15B/C","23F",1,0,1,0,0,0,0,0,0.25,0.25,0.25,0.25,3
"230",230,"15B/C - 3","15B/C","3",1,0,1,0,0,0,0.25,0,0,0.25,0.25,0.25,3
"233",233,"15B/C - 35B","15B/C","35B",1,0,1,0,0,0,0.25,0,0,0.25,0.25,0.25,3
"235",235,"15B/C - 4","15B/C","4",1,0,1,0,0,0,0.25,0,0,0.25,0.25,0.25,3
"237",237,"15B/C - 6B","15B/C","6B",1,0,1,0,0,0,0,0,0.25,0.25,0.25,0.25,3
"294",294,"18C - 19A","18C","19A",1,0,1,0,0,0,0,0,0.25,0.25,0.25,0.25,3
"295",295,"18C - 19F","18C","19F",1,0,1,0,0,0,0,0,0.25,0.25,0.25,0.25,3
"304",304,"18C - 35A","18C","35A",0,0,1,1,0,0,0.25,0,0,0.25,0.25,0.25,3
"308",308,"18C - 4","18C","4",1,0,1,0,0,0,0.25,0,0,0.25,0.25,0.25,3
"328",328,"19A - 21","19A","21",1,0,1,0,0,0,0.25,0,0,0.25,0.25,0.25,3
"330",330,"19A - 22F","19A","22F",1,0,1,0,0,0,0.25,0,0,0.25,0.25,0.25,3
"331",331,"19A - 23A","19A","23A",1,0,1,0,0,0,0.25,0,0,0.25,0.25,0.25,3
"332",332,"19A - 23B","19A","23B",1,0,1,0,0,0,0.25,0,0,0.25,0.25,0.25,3
"349",349,"19A - 6B","19A","6B",1,0,1,0,0,0.25,0,0,0,0.25,0.25,0.25,3
"350",350,"19A - 6C/D","19A","6C/D",1,0,1,0,0,0.25,0,0,0,0.25,0.25,0.25,3
"351",351,"19A - 6E","19A","6E",1,0,1,0,0,0.25,0,0,0,0.25,0.25,0.25,3
"352",352,"19A - 7B/C","19A","7B/C",1,0,1,0,0,0.25,0.25,0.25,0,0,0.25,0,3
"358",358,"19A - 9V","19A","9V",1,0,1,0,0,0,0.25,0,0,0.25,0.25,0.25,3
"366",366,"19F - 21","19F","21",1,0,1,0,0,0,0.25,0,0,0.25,0.25,0.25,3
"367",367,"19F - 22F","19F","22F",1,0,1,0,0,0,0.25,0,0,0.25,0.25,0.25,3
"368",368,"19F - 23A","19F","23A",1,0,1,0,0,0,0.25,0,0,0.25,0.25,0.25,3
"369",369,"19F - 23B","19F","23B",1,0,1,0,0,0,0.25,0,0,0.25,0.25,0.25,3
"389",389,"19F - 6A","19F","6A",1,0,1,0,0,0.25,0,0,0,0.25,0.25,0.25,3
"390",390,"19F - 6B","19F","6B",1,0,1,0,0,0.25,0,0,0,0.25,0.25,0.25,3
"392",392,"19F - 7B/C","19F","7B/C",1,0,1,0,0,0,0.25,0,0,0.25,0.25,0.25,3
"398",398,"19F - 9V","19F","9V",1,0,1,0,0,0,0.25,0,0,0.25,0.25,0.25,3
"400",400,"20B - 7B/C","20B","7B/C",0,1,0,0,0.25,0.25,0.25,0.25,0.25,0.25,0.25,0.25,3
"434",434,"23A - 35B","23A","35B",1,0,1,0,0,0,0.25,0,0,0.25,0.25,0.25,3
"437",437,"23A - 6A","23A","6A",1,0,1,0,0,0,0,0,0.25,0.25,0.25,0.25,3
"438",438,"23A - 6B","23A","6B",1,0,1,0,0,0,0,0,0.25,0.25,0.25,0.25,3
"456",456,"23F - 3","23F","3",1,0,1,0,0,0,0.25,0,0,0.25,0.25,0.25,3
"467",467,"23F - 6B","23F","6B",1,0,1,0,0,0.25,0,0,0,0.25,0.25,0.25,3
"470",470,"23F - 7B/C","23F","7B/C",1,0,1,0,0,0,0.25,0,0,0.25,0.25,0.25,3
"478",478,"24A - 48","24A","48",0,1,0,0,0.25,0.25,0.25,0.25,0.25,0.25,0.25,0.25,3
"512",512,"3 - 6A","3","6A",1,0,1,0,0,0,0,0,0.25,0.25,0.25,0.25,3
"524",524,"31 - 8","31","8",0,0,1,0,0.25,0.25,0.25,0.25,0.25,0.25,0.25,0.25,3
"557",557,"35B - 35C","35B","35C",0,0,1,1,0,0,0.25,0,0,0.25,0.25,0.25,3
"587",587,"4 - 9V","4","9V",1,0,1,0,0,0,0.25,0,0,0.25,0.25,0.25,3
"601",601,"6A - 9V","6A","9V",1,0,1,0,0,0.25,0,0,0,0.25,0.25,0.25,3
"43",43,"10A - 23F","10A","23F",1,0,1,0,0,0,0,0,0,0.25,0.25,0.25,2.75
"45",45,"10A - 6A","10A","6A",1,0,1,0,0.25,0,0,0,0.25,0,0.25,0,2.75
"51",51,"10B - 10F","10B","10F",0,1,0,0,0.25,0.25,0.25,0.25,0,0.25,0.25,0.25,2.75
"104",104,"11B - 11C","11B","11C",0,1,0,0,0.25,0.25,0.25,0.25,0,0.25,0.25,0.25,2.75
"108",108,"11B - 33D","11B","33D",0,1,0,0,0.25,0.25,0.25,0.25,0,0.25,0.25,0.25,2.75
"114",114,"11C - 7B/C","11C","7B/C",0,1,0,0,0.25,0.25,0.25,0,0.25,0.25,0.25,0.25,2.75
"124",124,"12B - 46","12B","46",0,1,0,0,0.25,0.25,0.25,0.25,0,0.25,0.25,0.25,2.75
"159",159,"14 - 15B/C","14","15B/C",1,0,1,0,0,0,0,0,0,0.25,0.25,0.25,2.75
"201",201,"15A - 23F","15A","23F",1,0,1,0,0,0,0,0,0,0.25,0.25,0.25,2.75
"238",238,"15B/C - 6C/D","15B/C","6C/D",1,0,1,0,0,0,0,0,0,0.25,0.25,0.25,2.75
"250",250,"15F - 3","15F","3",0,0,1,0,0.25,0.25,0.25,0,0.25,0.25,0.25,0.25,2.75
"253",253,"15F - 7B/C","15F","7B/C",0,1,0,0,0.25,0.25,0.25,0.25,0,0.25,0.25,0.25,2.75
"254",254,"16A - 16F","16A","16F",0,1,0,0,0.25,0.25,0.25,0.25,0.25,0.25,0.25,0,2.75
"255",255,"16F - 19A","16F","19A",1,0,1,0,0.25,0,0.25,0,0,0,0.25,0,2.75
"310",310,"18C - 6B","18C","6B",1,0,1,0,0,0.25,0,0,0.25,0,0.25,0,2.75
"337",337,"19A - 3","19A","3",1,0,1,0,0,0,0,0,0,0.25,0.25,0.25,2.75
"353",353,"19A - 7F","19A","7F",1,0,1,0,0,0,0,0,0,0.25,0.25,0.25,2.75
"371",371,"19F - 24F","19F","24F",1,0,1,0,0,0,0.25,0,0,0.25,0.25,0,2.75
"439",439,"23A - 6C/D","23A","6C/D",1,0,1,0,0,0,0,0,0,0.25,0.25,0.25,2.75
"459",459,"23F - 35B","23F","35B",1,0,1,0,0,0,0,0,0,0.25,0.25,0.25,2.75
"468",468,"23F - 6C/D","23F","6C/D",1,0,1,0,0,0,0,0,0,0.25,0.25,0.25,2.75
"469",469,"23F - 6E","23F","6E",1,0,1,0,0,0,0,0,0,0.25,0.25,0.25,2.75
"476",476,"23F - 9V","23F","9V",1,0,1,0,0,0,0,0,0,0.25,0.25,0.25,2.75
"497",497,"28F - 33D","28F","33D",0,1,0,0,0.25,0.25,0.25,0.25,0,0.25,0.25,0.25,2.75
"562",562,"35B - 6C/D","35B","6C/D",1,0,1,0,0,0,0,0,0,0.25,0.25,0.25,2.75
"606",606,"6B - 7F","6B","7F",1,0,1,0,0,0,0,0,0,0.25,0.25,0.25,2.75
"610",610,"6B - 9V","6B","9V",1,0,1,0,0,0,0,0,0,0.25,0.25,0.25,2.75
"611",611,"6C/D - 6E","6C/D","6E",1,0,1,0,0,0,0,0,0,0.25,0.25,0.25,2.75
"24",24,"1 - 5","1","5",0,0,1,0,0,0.25,0.25,0.25,0,0.25,0.25,0.25,2.5
"31",31,"10A - 10C","10A","10C",0,1,0,0,0,0.25,0.25,0.25,0,0.25,0.25,0.25,2.5
"34",34,"10A - 11D","10A","11D",0,1,0,0,0,0.25,0.25,0.25,0,0.25,0.25,0.25,2.5
"35",35,"10A - 11E","10A","11E",0,1,0,0,0,0.25,0.25,0.25,0,0.25,0.25,0.25,2.5
"46",46,"10A - 6B","10A","6B",1,0,1,0,0,0,0,0,0.25,0,0.25,0,2.5
"63",63,"10F - 27","10F","27",0,1,0,0,0.25,0.25,0.25,0.25,0,0.25,0.25,0,2.5
"64",64,"10F - 3","10F","3",0,0,1,0,0.25,0,0.25,0,0.25,0.25,0.25,0.25,2.5
"67",67,"11A - 11D","11A","11D",0,1,0,0,0,0.25,0.25,0.25,0,0.25,0.25,0.25,2.5
"68",68,"11A - 11E","11A","11E",0,1,0,0,0,0.25,0.25,0.25,0,0.25,0.25,0.25,2.5
"107",107,"11B - 33B","11B","33B",0,1,0,0,0.25,0.25,0.25,0.25,0,0.25,0.25,0,2.5
"113",113,"11C - 14","11C","14",0,0,1,0,0.25,0,0.25,0,0.25,0.25,0.25,0.25,2.5
"142",142,"13 - 15B/C","13","15B/C",0,0,1,0,0.25,0,0.25,0,0.25,0.25,0.25,0.25,2.5
"145",145,"13 - 19A","13","19A",0,0,1,0,0.25,0,0.25,0,0.25,0.25,0.25,0.25,2.5
"148",148,"13 - 23A","13","23A",0,0,1,0,0.25,0.25,0.25,0,0,0.25,0.25,0.25,2.5
"174",174,"14 - 35B","14","35B",1,0,1,0,0,0,0.25,0,0,0,0.25,0,2.5
"179",179,"14 - 6A","14","6A",1,0,1,0,0,0.25,0,0,0,0,0.25,0,2.5
"181",181,"14 - 6C/D","14","6C/D",1,0,1,0,0,0.25,0,0,0,0,0.25,0,2.5
"210",210,"15A - 6B","15A","6B",1,0,1,0,0,0.25,0,0,0,0,0.25,0,2.5
"246",246,"15F - 19B","15F","19B",0,1,0,0,0,0.25,0.25,0.25,0,0.25,0.25,0.25,2.5
"249",249,"15F - 23F","15F","23F",0,0,1,0,0.25,0,0.25,0,0.25,0.25,0.25,0.25,2.5
"258",258,"16F - 22F","16F","22F",0,0,1,0,0,0.25,0.25,0.25,0,0.25,0.25,0.25,2.5
"334",334,"19A - 24F","19A","24F",1,0,1,0,0,0,0.25,0,0,0,0.25,0,2.5
"340",340,"19A - 34","19A","34",1,0,1,0,0,0,0.25,0,0,0,0.25,0,2.5
"365",365,"19C - 9L","19C","9L",0,1,0,0,0.25,0.25,0.25,0.25,0,0.25,0.25,0,2.5
"382",382,"19F - 35F","19F","35F",1,0,1,0,0,0,0.25,0,0,0,0.25,0,2.5
"391",391,"19F - 6C/D","19F","6C/D",1,0,1,0,0,0.25,0,0,0,0,0.25,0,2.5
"397",397,"19F - 9N","19F","9N",1,0,1,0,0,0,0.25,0,0,0,0.25,0,2.5
"406",406,"22A - 32F","22A","32F",0,1,0,0,0,0.25,0.25,0.25,0,0.25,0.25,0.25,2.5
"414",414,"22F - 24F","22F","24F",0,0,1,0,0,0.25,0.25,0.25,0,0.25,0.25,0.25,2.5
"477",477,"24A - 24F","24A","24F",0,1,0,0,0.25,0.25,0.25,0,0.25,0.25,0.25,0,2.5
"492",492,"25A - 29","25A","29",0,1,0,0,0.25,0.25,0.25,0,0.25,0.25,0.25,0,2.5
"496",496,"28F - 33B","28F","33B",0,1,0,0,0.25,0.25,0.25,0.25,0,0.25,0.25,0,2.5
"528",528,"32F - 35F","32F","35F",0,1,0,0,0.25,0.25,0.25,0,0.25,0.25,0.25,0,2.5
"529",529,"33A - 33B","33A","33B",0,1,0,0,0,0.25,0.25,0,0.25,0.25,0.25,0.25,2.5
"540",540,"33D - 6A","33D","6A",0,0,1,0,0.25,0,0.25,0,0.25,0.25,0.25,0.25,2.5
"541",541,"33D - 6B","33D","6B",0,0,1,0,0.25,0,0.25,0,0.25,0.25,0.25,0.25,2.5
"560",560,"35B - 6A","35B","6A",1,0,1,0,0.25,0,0,0,0,0,0.25,0,2.5
"590",590,"42 - 9V","42","9V",0,0,1,0,0.25,0,0.25,0,0.25,0.25,0.25,0.25,2.5
"608",608,"6B - 9A","6B","9A",1,0,1,0,0,0,0,0,0,0.25,0.25,0,2.5
"612",612,"6C/D - 6F","6C/D","6F",0,1,0,0,0,0.25,0.25,0.25,0,0.25,0.25,0.25,2.5
"2",2,"1 - 10C","1","10C",0,1,0,0,0,0.25,0.25,0.25,0,0.25,0.25,0,2.25
"39",39,"10A - 19F","10A","19F",1,0,1,0,0,0,0,0,0,0,0.25,0,2.25
"75",75,"11A - 16F","11A","16F",0,0,1,0,0,0.25,0.25,0,0,0.25,0.25,0.25,2.25
"93",93,"11A - 38","11A","38",0,0,1,0,0,0.25,0.25,0,0,0.25,0.25,0.25,2.25
"95",95,"11A - 6A","11A","6A",0,0,1,0,0,0.25,0,0,0.25,0.25,0.25,0.25,2.25
"119",119,"11E - 19A","11E","19A",0,1,0,0,0.25,0,0.25,0,0.25,0.25,0.25,0,2.25
"123",123,"12B - 35F","12B","35F",0,1,0,0,0.25,0.25,0.25,0,0,0.25,0.25,0,2.25
"132",132,"12F - 3","12F","3",0,0,1,0,0,0,0.25,0,0.25,0.25,0.25,0.25,2.25
"134",134,"12F - 4","12F","4",0,0,1,0,0,0.25,0.25,0,0,0.25,0.25,0.25,2.25
"135",135,"12F - 46","12F","46",0,1,0,0,0,0.25,0.25,0.25,0,0.25,0.25,0,2.25
"138",138,"12F - 9L","12F","9L",0,0,1,0,0,0.25,0.25,0,0,0.25,0.25,0.25,2.25
"143",143,"13 - 17F","13","17F",0,0,1,0,0,0.25,0.25,0,0,0.25,0.25,0.25,2.25
"144",144,"13 - 18C","13","18C",0,0,1,0,0,0,0.25,0,0.25,0.25,0.25,0.25,2.25
"152",152,"13 - 38","13","38",0,0,1,0,0,0.25,0.25,0,0,0.25,0.25,0.25,2.25
"170",170,"14 - 23F","14","23F",1,0,1,0,0,0,0,0,0,0,0.25,0,2.25
"180",180,"14 - 6B","14","6B",1,0,1,0,0,0,0,0,0,0,0.25,0,2.25
"209",209,"15A - 6A","15A","6A",0,0,1,0,0,0.25,0,0,0.25,0.25,0.25,0.25,2.25
"248",248,"15F - 23A","15F","23A",0,0,1,0,0,0,0.25,0,0.25,0.25,0.25,0.25,2.25
"252",252,"15F - 48","15F","48",0,1,0,0,0,0.25,0.25,0.25,0,0.25,0.25,0,2.25
"273",273,"17F - 3","17F","3",0,0,1,0,0,0,0.25,0,0.25,0.25,0.25,0.25,2.25
"285",285,"18A - 23F","18A","23F",0,0,1,0,0,0,0.25,0,0.25,0.25,0.25,0.25,2.25
"292",292,"18B - 7F","18B","7F",0,0,1,0,0,0,0.25,0,0.25,0.25,0.25,0.25,2.25
"341",341,"19A - 35B","19A","35B",1,0,1,0,0,0,0,0,0,0,0.25,0,2.25
"345",345,"19A - 4","19A","4",1,0,1,0,0,0,0,0,0,0,0.25,0,2.25
"357",357,"19A - 9N","19A","9N",1,0,1,0,0,0,0,0,0,0,0.25,0,2.25
"361",361,"19B - 23F","19B","23F",0,0,1,0,0.25,0,0.25,0,0.25,0.25,0.25,0,2.25
"381",381,"19F - 35B","19F","35B",1,0,1,0,0,0,0,0,0,0,0.25,0,2.25
"385",385,"19F - 4","19F","4",1,0,1,0,0,0,0,0,0,0,0.25,0,2.25
"393",393,"19F - 7F","19F","7F",1,0,1,0,0,0,0,0,0,0,0.25,0,2.25
"403",403,"21 - 3","21","3",0,0,1,0,0.25,0,0.25,0,0,0.25,0.25,0.25,2.25
"408",408,"22A - 4","22A","4",0,0,1,0,0,0,0.25,0,0.25,0.25,0.25,0.25,2.25
"410",410,"22A - 8","22A","8",0,0,1,0,0,0.25,0.25,0,0,0.25,0.25,0.25,2.25
"413",413,"22F - 24B","22F","24B",0,0,0,1,0,0.25,0.25,0,0,0.25,0.25,0.25,2.25
"416",416,"22F - 3","22F","3",0,0,1,0,0,0,0.25,0,0.25,0.25,0.25,0.25,2.25
"422",422,"22F - 42","22F","42",0,0,1,0,0,0.25,0.25,0,0,0.25,0.25,0.25,2.25
"423",423,"22F - 8","22F","8",0,0,1,0,0,0.25,0.25,0,0,0.25,0.25,0.25,2.25
"451",451,"23B - 6C/D","23B","6C/D",0,0,1,0,0,0,0.25,0,0.25,0.25,0.25,0.25,2.25
"462",462,"23F - 4","23F","4",1,0,1,0,0,0,0,0,0,0,0.25,0,2.25
"481",481,"24F - 3","24F","3",0,0,1,0,0,0,0.25,0,0.25,0.25,0.25,0.25,2.25
"503",503,"3 - 33A","3","33A",0,1,0,0,0,0.25,0.25,0,0,0.25,0.25,0.25,2.25
"543",543,"33F - 37","33F","37",0,0,1,0,0,0.25,0.25,0,0,0.25,0.25,0.25,2.25
"545",545,"33F - 8","33F","8",0,0,1,0,0,0.25,0.25,0,0,0.25,0.25,0.25,2.25
"550",550,"34 - 6B","34","6B",0,0,1,0,0.25,0,0,0,0.25,0.25,0.25,0.25,2.25
"552",552,"34 - 9L","34","9L",0,0,1,0,0,0.25,0.25,0,0,0.25,0.25,0.25,2.25
"561",561,"35B - 6B","35B","6B",1,0,1,0,0,0,0,0,0,0,0.25,0,2.25
"569",569,"35C - 36","35C","36",0,1,0,0,0,0.25,0.25,0.25,0,0.25,0.25,0,2.25
"576",576,"38 - 4","38","4",0,0,1,0,0,0,0.25,0,0.25,0.25,0.25,0.25,2.25
"596",596,"6A - 6F","6A","6F",0,1,0,0,0,0.25,0.25,0,0,0.25,0.25,0.25,2.25
"607",607,"6B - 8","6B","8",1,0,1,0,0,0,0.25,0,0,0,0,0,2.25
"9",9,"1 - 17F","1","17F",0,0,1,0,0,0,0.25,0,0,0.25,0.25,0.25,2
"10",10,"1 - 18C","1","18C",0,0,1,0,0,0,0.25,0,0,0.25,0.25,0.25,2
"13",13,"1 - 21","1","21",0,0,1,0,0,0,0.25,0,0,0.25,0.25,0.25,2
"14",14,"1 - 22A","1","22A",0,0,1,0,0,0,0.25,0,0,0.25,0.25,0.25,2
"16",16,"1 - 23B","1","23B",0,0,1,0,0,0,0.25,0,0,0.25,0.25,0.25,2
"28",28,"1 - 7F","1","7F",0,0,1,0,0,0,0.25,0,0,0.25,0.25,0.25,2
"40",40,"10A - 22F","10A","22F",0,0,1,0,0,0,0.25,0,0,0.25,0.25,0.25,2
"42",42,"10A - 23B","10A","23B",0,0,1,0,0,0,0.25,0,0,0.25,0.25,0.25,2
"44",44,"10A - 3","10A","3",0,0,1,0,0,0,0.25,0,0,0.25,0.25,0.25,2
"48",48,"10A - 7F","10A","7F",0,0,1,0,0,0,0.25,0,0,0.25,0.25,0.25,2
"52",52,"10B - 15A","10B","15A",0,0,1,0,0,0,0.25,0,0,0.25,0.25,0.25,2
"69",69,"11A - 12F","11A","12F",0,0,1,0,0,0,0.25,0,0,0.25,0.25,0.25,2
"70",70,"11A - 13","11A","13",0,0,1,0,0,0,0.25,0,0,0.25,0.25,0.25,2
"76",76,"11A - 18A","11A","18A",0,0,1,0,0,0,0.25,0,0,0.25,0.25,0.25,2
"77",77,"11A - 18C","11A","18C",0,0,1,0,0,0,0.25,0,0,0.25,0.25,0.25,2
"80",80,"11A - 22F","11A","22F",0,0,1,0,0,0,0.25,0,0,0.25,0.25,0.25,2
"82",82,"11A - 23B","11A","23B",0,0,1,0,0,0,0.25,0,0,0.25,0.25,0.25,2
"83",83,"11A - 23F","11A","23F",0,0,1,0,0,0,0,0,0.25,0.25,0.25,0.25,2
"91",91,"11A - 35B","11A","35B",0,0,1,0,0,0,0.25,0,0,0.25,0.25,0.25,2
"92",92,"11A - 35F","11A","35F",0,0,1,0,0,0,0.25,0,0,0.25,0.25,0.25,2
"98",98,"11A - 7B/C","11A","7B/C",0,0,1,0,0,0,0.25,0,0,0.25,0.25,0.25,2
"99",99,"11A - 7F","11A","7F",0,0,1,0,0,0,0.25,0,0,0.25,0.25,0.25,2
"101",101,"11A - 9A","11A","9A",0,1,0,0,0,0,0.25,0,0,0.25,0.25,0.25,2
"102",102,"11A - 9N","11A","9N",0,0,1,0,0,0,0.25,0,0,0.25,0.25,0.25,2
"129",129,"12F - 19A","12F","19A",0,0,1,0,0,0,0,0,0.25,0.25,0.25,0.25,2
"136",136,"12F - 6B","12F","6B",0,0,1,0,0,0,0,0,0.25,0.25,0.25,0.25,2
"139",139,"12F - 9N","12F","9N",0,0,1,0,0,0,0.25,0,0,0.25,0.25,0.25,2
"140",140,"12F - 9V","12F","9V",0,0,1,0,0,0,0.25,0,0,0.25,0.25,0.25,2
"141",141,"13 - 14","13","14",0,0,1,0,0,0,0.25,0,0,0.25,0.25,0.25,2
"146",146,"13 - 19F","13","19F",0,0,1,0,0,0,0,0,0.25,0.25,0.25,0.25,2
"153",153,"13 - 6A","13","6A",0,0,1,0,0,0,0,0,0.25,0.25,0.25,0.25,2
"154",154,"13 - 6B","13","6B",0,0,1,0,0,0,0,0,0.25,0.25,0.25,0.25,2
"155",155,"13 - 6C/D","13","6C/D",0,0,1,0,0,0,0.25,0,0,0.25,0.25,0.25,2
"163",163,"14 - 19B","14","19B",0,0,1,0,0,0,0.25,0,0,0.25,0.25,0.25,2
"167",167,"14 - 22F","14","22F",0,0,1,0,0,0,0.25,0,0,0.25,0.25,0.25,2
"176",176,"14 - 38","14","38",0,0,1,0,0,0,0.25,0,0,0.25,0.25,0.25,2
"184",184,"14 - 7B/C","14","7B/C",0,0,1,0,0,0,0.25,0,0,0.25,0.25,0.25,2
"188",188,"14 - 9L","14","9L",0,0,1,0,0,0,0.25,0,0,0.25,0.25,0.25,2
"198",198,"15A - 21","15A","21",0,0,1,0,0,0,0.25,0,0,0.25,0.25,0.25,2
"200",200,"15A - 23B","15A","23B",0,0,1,0,0,0,0.25,0,0,0.25,0.25,0.25,2
"204",204,"15A - 33F","15A","33F",0,0,1,0,0,0,0.25,0,0,0.25,0.25,0.25,2
"206",206,"15A - 37","15A","37",0,0,1,0,0,0,0.25,0,0,0.25,0.25,0.25,2
"211",211,"15A - 6C/D","15A","6C/D",0,0,1,0,0,0.25,0,0,0,0.25,0.25,0.25,2
"213",213,"15A - 8","15A","8",0,0,1,0,0,0,0.25,0,0,0.25,0.25,0.25,2
"222",222,"15B/C - 21","15B/C","21",0,0,1,0,0,0,0.25,0,0,0.25,0.25,0.25,2
"223",223,"15B/C - 22A","15B/C","22A",0,0,1,0,0,0,0.25,0,0,0.25,0.25,0.25,2
"226",226,"15B/C - 23B","15B/C","23B",0,0,1,0,0,0,0.25,0,0,0.25,0.25,0.25,2
"239",239,"15B/C - 7B/C","15B/C","7B/C",0,0,1,0,0,0,0.25,0,0,0.25,0.25,0.25,2
"271",271,"17F - 23A","17F","23A",0,0,1,0,0,0,0.25,0,0,0.25,0.25,0.25,2
"274",274,"17F - 35B","17F","35B",0,0,1,0,0,0,0.25,0,0,0.25,0.25,0.25,2
"281",281,"17F - 9V","17F","9V",0,0,1,0,0,0,0.25,0,0,0.25,0.25,0.25,2
"286",286,"18A - 6B","18A","6B",0,0,1,0,0,0,0,0,0.25,0.25,0.25,0.25,2
"289",289,"18B - 19A","18B","19A",0,0,1,0,0,0,0,0,0.25,0.25,0.25,0.25,2
"291",291,"18B - 24F","18B","24F",0,1,0,0,0,0,0.25,0,0,0.25,0.25,0.25,2
"297",297,"18C - 22F","18C","22F",0,0,1,0,0,0,0.25,0,0,0.25,0.25,0.25,2
"298",298,"18C - 23F","18C","23F",0,0,1,0,0,0,0,0,0.25,0.25,0.25,0.25,2
"306",306,"18C - 35F","18C","35F",0,0,1,0,0,0,0.25,0,0,0.25,0.25,0.25,2
"307",307,"18C - 38","18C","38",0,0,1,0,0,0,0.25,0,0,0.25,0.25,0.25,2
"313",313,"18C - 8","18C","8",0,0,1,0,0,0,0.25,0,0,0.25,0.25,0.25,2
"319",319,"18F - 23F","18F","23F",0,0,1,0,0,0,0,0,0.25,0.25,0.25,0.25,2
"322",322,"18F - 6B","18F","6B",0,0,1,0,0,0,0,0,0.25,0.25,0.25,0.25,2
"338",338,"19A - 31","19A","31",0,0,1,0,0,0,0.25,0,0,0.25,0.25,0.25,2
"346",346,"19A - 42","19A","42",0,0,1,0,0,0,0.25,0,0,0.25,0.25,0.25,2
"347",347,"19A - 5","19A","5",0,0,1,0,0,0,0.25,0,0,0.25,0.25,0.25,2
"388",388,"19F - 5","19F","5",0,0,1,0,0,0,0.25,0,0,0.25,0.25,0.25,2
"404",404,"21 - 9V","21","9V",0,0,1,0,0,0,0.25,0,0,0.25,0.25,0.25,2
"412",412,"22F - 23F","22F","23F",0,0,1,0,0,0,0,0,0.25,0.25,0.25,0.25,2
"419",419,"22F - 35B","22F","35B",0,0,1,0,0,0,0.25,0,0,0.25,0.25,0.25,2
"421",421,"22F - 4","22F","4",0,0,1,0,0,0,0.25,0,0,0.25,0.25,0.25,2
"424",424,"22F - 9N","22F","9N",0,0,1,0,0,0,0.25,0,0,0.25,0.25,0.25,2
"425",425,"22F - 9V","22F","9V",0,0,1,0,0,0,0.25,0,0,0.25,0.25,0.25,2
"433",433,"23A - 33F","23A","33F",0,0,1,0,0,0,0.25,0,0,0.25,0.25,0.25,2
"440",440,"23A - 7B/C","23A","7B/C",0,0,1,0,0,0,0.25,0,0,0.25,0.25,0.25,2
"441",441,"23A - 8","23A","8",0,0,1,0,0,0,0.25,0,0,0.25,0.25,0.25,2
"445",445,"23B - 3","23B","3",0,0,1,0,0,0,0.25,0,0,0.25,0.25,0.25,2
"452",452,"23B - 8","23B","8",0,0,1,0,0,0,0.25,0,0,0.25,0.25,0.25,2
"457",457,"23F - 31","23F","31",0,0,1,0,0,0,0.25,0,0,0.25,0.25,0.25,2
"463",463,"23F - 42","23F","42",0,0,1,0,0,0,0.25,0,0,0.25,0.25,0.25,2
"490",490,"24F - 9V","24F","9V",0,0,1,0,0,0,0.25,0,0,0.25,0.25,0.25,2
"499",499,"29 - 35C","29","35C",0,0,1,0,0,0,0.25,0,0,0.25,0.25,0.25,2
"500",500,"29 - 35F","29","35F",0,0,1,0,0,0,0.25,0,0,0.25,0.25,0.25,2
"501",501,"29 - 6E","29","6E",0,0,1,0,0,0,0.25,0,0,0.25,0.25,0.25,2
"502",502,"29 - 9V","29","9V",0,0,1,0,0,0,0.25,0,0,0.25,0.25,0.25,2
"506",506,"3 - 35F","3","35F",0,0,1,0,0,0,0.25,0,0,0.25,0.25,0.25,2
"517",517,"3 - 7B/C","3","7B/C",0,0,1,0,0,0,0.25,0,0,0.25,0.25,0.25,2
"518",518,"3 - 7F","3","7F",0,0,1,0,0,0,0.25,0,0,0.25,0.25,0.25,2
"519",519,"3 - 8","3","8",0,0,1,0,0,0,0.25,0,0,0.25,0.25,0.25,2
"537",537,"33B - 6A","33B","6A",0,0,1,0,0.25,0,0.25,0,0.25,0,0.25,0,2
"571",571,"35C - 9V","35C","9V",0,0,1,0,0,0,0.25,0,0,0.25,0.25,0.25,2
"573",573,"35F - 7F","35F","7F",0,0,1,0,0,0,0.25,0,0,0.25,0.25,0.25,2
"577",577,"38 - 7A","38","7A",0,1,0,0,0,0.25,0.25,0,0,0.25,0.25,0,2
"583",583,"4 - 7F","4","7F",0,0,1,0,0,0,0.25,0,0,0.25,0.25,0.25,2
"585",585,"4 - 9L","4","9L",0,0,1,0,0,0,0.25,0,0,0.25,0.25,0.25,2
"613",613,"6C/D - 6G","6C/D","6G",0,1,0,0,0,0.25,0.25,0,0,0.25,0.25,0,2
"617",617,"7B/C - 9V","7B/C","9V",0,0,1,0,0,0,0.25,0,0,0.25,0.25,0.25,2
"618",618,"7F - 9N","7F","9N",0,0,1,0,0,0,0.25,0,0,0.25,0.25,0.25,2
"619",619,"7F - 9V","7F","9V",0,0,1,0,0,0,0.25,0,0,0.25,0.25,0.25,2
"1",1,"1 - 10A","1","10A",0,0,1,0,0,0,0,0,0,0.25,0.25,0.25,1.75
"3",3,"1 - 11A","1","11A",0,0,1,0,0,0,0,0,0,0.25,0.25,0.25,1.75
"6",6,"1 - 15A","1","15A",0,0,1,0,0,0,0,0,0,0.25,0.25,0.25,1.75
"20",20,"1 - 35B","1","35B",0,0,1,0,0,0,0.25,0,0,0.25,0.25,0,1.75
"27",27,"1 - 6C/D","1","6C/D",0,0,1,0,0,0,0,0,0,0.25,0.25,0.25,1.75
"37",37,"10A - 15B/C","10A","15B/C",0,0,1,0,0,0,0,0,0,0.25,0.25,0.25,1.75
"47",47,"10A - 6C/D","10A","6C/D",0,0,1,0,0,0,0,0,0,0.25,0.25,0.25,1.75
"50",50,"10A - 9V","10A","9V",0,0,1,0,0,0,0,0,0,0.25,0.25,0.25,1.75
"62",62,"10C - 3","10C","3",0,0,0,0,0.25,0.25,0.25,0,0.25,0.25,0.25,0.25,1.75
"94",94,"11A - 4","11A","4",0,0,1,0,0,0,0,0,0,0.25,0.25,0.25,1.75
"97",97,"11A - 6C/D","11A","6C/D",0,0,1,0,0,0,0,0,0,0.25,0.25,0.25,1.75
"105",105,"11B - 14","11B","14",0,0,0,0,0.25,0.25,0.25,0,0.25,0.25,0.25,0.25,1.75
"166",166,"14 - 21","14","21",0,0,1,0,0,0,0,0,0,0.25,0.25,0.25,1.75
"168",168,"14 - 23A","14","23A",0,0,1,0,0,0,0,0,0,0.25,0.25,0.25,1.75
"194",194,"15A - 18C","15A","18C",0,0,1,0,0,0,0,0,0,0.25,0.25,0.25,1.75
"205",205,"15A - 35B","15A","35B",0,0,1,0,0,0,0,0,0,0.25,0.25,0.25,1.75
"208",208,"15A - 4","15A","4",0,0,1,0,0,0,0,0,0,0.25,0.25,0.25,1.75
"212",212,"15A - 7B/C","15A","7B/C",0,0,1,0,0,0,0.25,0,0,0.25,0.25,0,1.75
"214",214,"15A - 9A","15A","9A",0,0,1,0,0,0,0,0,0,0.25,0.25,0.25,1.75
"215",215,"15A - 9V","15A","9V",0,0,1,0,0,0,0,0,0,0.25,0.25,0.25,1.75
"217",217,"15B/C - 17F","15B/C","17F",0,0,1,0,0,0,0.25,0,0,0.25,0.25,0,1.75
"224",224,"15B/C - 22F","15B/C","22F",0,0,1,0,0,0,0,0,0,0.25,0.25,0.25,1.75
"300",300,"18C - 3","18C","3",0,0,1,0,0,0,0,0,0,0.25,0.25,0.25,1.75
"315",315,"18C - 9V","18C","9V",0,0,1,0,0,0,0,0,0,0.25,0.25,0.25,1.75
"343",343,"19A - 37","19A","37",0,0,1,0,0,0,0,0,0,0.25,0.25,0.25,1.75
"354",354,"19A - 8","19A","8",0,0,1,0,0,0,0,0,0,0.25,0.25,0.25,1.75
"375",375,"19F - 31","19F","31",0,0,1,0,0,0.25,0.25,0,0,0,0.25,0,1.75
"436",436,"23A - 4","23A","4",0,0,1,0,0,0,0,0,0,0.25,0.25,0.25,1.75
"443",443,"23A - 9V","23A","9V",0,0,1,0,0,0,0,0,0,0.25,0.25,0.25,1.75
"453",453,"23B - 9V","23B","9V",0,0,1,0,0,0,0,0,0,0.25,0.25,0.25,1.75
"454",454,"23F - 24F","23F","24F",0,0,1,0,0,0,0,0,0,0.25,0.25,0.25,1.75
"471",471,"23F - 7F","23F","7F",0,0,1,0,0,0,0,0,0,0.25,0.25,0.25,1.75
"473",473,"23F - 9A","23F","9A",0,0,1,0,0,0,0,0,0,0.25,0.25,0.25,1.75
"474",474,"23F - 9L","23F","9L",0,0,1,0,0,0,0,0,0,0.25,0.25,0.25,1.75
"505",505,"3 - 35B","3","35B",0,0,1,0,0,0,0,0,0,0.25,0.25,0.25,1.75
"509",509,"3 - 4","3","4",0,0,1,0,0,0,0,0,0,0.25,0.25,0.25,1.75
"514",514,"3 - 6C/D","3","6C/D",0,0,1,0,0,0,0,0,0,0.25,0.25,0.25,1.75
"515",515,"3 - 6E","3","6E",0,0,1,0,0,0,0,0,0,0.25,0.25,0.25,1.75
"551",551,"34 - 6C/D","34","6C/D",0,0,1,0,0.25,0,0.25,0,0,0,0.25,0,1.75
"588",588,"42 - 6A","42","6A",0,0,1,0,0.25,0,0,0,0.25,0,0.25,0,1.75
"589",589,"42 - 6B","42","6B",0,0,1,0,0.25,0,0,0,0.25,0,0.25,0,1.75
"597",597,"6A - 6G","6A","6G",0,1,0,0,0,0,0.25,0,0,0.25,0.25,0,1.75
"598",598,"6A - 7F","6A","7F",0,0,1,0,0,0,0,0,0,0.25,0.25,0.25,1.75
"605",605,"6B - 7B/C","6B","7B/C",0,0,1,0,0,0,0,0,0,0.25,0.25,0.25,1.75
"614",614,"6C/D - 7F","6C/D","7F",0,0,1,0,0,0,0,0,0,0.25,0.25,0.25,1.75
"620",620,"8 - 9V","8","9V",0,0,1,0,0,0,0.25,0,0,0.25,0.25,0,1.75
"621",621,"9A - 9L","9A","9L",0,1,0,0,0,0,0.25,0,0,0.25,0.25,0,1.75
"33",33,"10A - 11A","10A","11A",0,0,1,0,0,0,0,0,0,0.25,0.25,0,1.5
"36",36,"10A - 15A","10A","15A",0,0,1,0,0,0,0.25,0,0,0,0.25,0,1.5
"57",57,"10B - 6A","10B","6A",0,0,1,0,0,0,0,0,0.25,0,0.25,0,1.5
"65",65,"10F - 7F","10F","7F",0,0,0,0,0.25,0.25,0.25,0,0,0.25,0.25,0.25,1.5
"130",130,"12F - 19F","12F","19F",0,0,1,0,0,0,0,0,0.25,0,0.25,0,1.5
"131",131,"12F - 23F","12F","23F",0,0,1,0,0,0,0,0,0,0.25,0.25,0,1.5
"150",150,"13 - 31","13","31",0,0,0,0,0,0.25,0.25,0.25,0,0.25,0.25,0.25,1.5
"189",189,"14 - 9N","14","9N",1,0,0,0,0,0,0.25,0,0,0,0.25,0,1.5
"242",242,"15B/C - 9N","15B/C","9N",0,0,1,0,0,0,0,0,0,0.25,0.25,0,1.5
"268",268,"17F - 19F","17F","19F",0,0,1,0,0,0,0,0,0.25,0,0.25,0,1.5
"269",269,"17F - 2","17F","2",0,0,0,0,0,0.25,0.25,0.25,0,0.25,0.25,0.25,1.5
"277",277,"17F - 4","17F","4",0,0,1,0,0,0,0.25,0,0,0,0.25,0,1.5
"279",279,"17F - 6B","17F","6B",0,0,1,0,0,0,0,0,0.25,0,0.25,0,1.5
"309",309,"18C - 6A","18C","6A",0,0,1,0,0,0.25,0,0,0,0,0.25,0,1.5
"316",316,"18F - 19A","18F","19A",0,0,1,0,0,0,0,0,0.25,0,0.25,0,1.5
"339",339,"19A - 33F","19A","33F",0,0,1,0,0,0,0,0,0,0.25,0.25,0,1.5
"384",384,"19F - 38","19F","38",0,0,1,0,0,0,0,0,0,0.25,0.25,0,1.5
"399",399,"2 - 3","2","3",0,0,0,0,0.25,0.25,0.25,0,0.25,0.25,0.25,0,1.5
"465",465,"23F - 5","23F","5",0,0,1,0,0,0,0.25,0,0,0,0.25,0,1.5
"480",480,"24B - 35B","24B","35B",0,0,0,0,0.25,0.25,0.25,0,0.25,0.25,0.25,0,1.5
"494",494,"25A - 7F","25A","7F",0,0,0,0,0.25,0.25,0.25,0,0.25,0.25,0.25,0,1.5
"522",522,"31 - 35B","31","35B",0,0,0,0,0.25,0.25,0.25,0,0,0.25,0.25,0.25,1.5
"523",523,"31 - 38","31","38",0,0,0,0,0.25,0.25,0.25,0.25,0,0.25,0.25,0,1.5
"533",533,"33A - 8","33A","8",0,0,0,0,0,0.25,0.25,0,0.25,0.25,0.25,0.25,1.5
"582",582,"4 - 6B","4","6B",0,0,1,0,0,0.25,0,0,0,0,0.25,0,1.5
"584",584,"4 - 8","4","8",0,0,1,0,0,0,0.25,0,0,0,0.25,0,1.5
"600",600,"6A - 9A","6A","9A",0,0,1,0,0,0,0,0,0,0.25,0.25,0,1.5
"41",41,"10A - 23A","10A","23A",0,0,1,0,0,0,0,0,0,0,0.25,0,1.25
"54",54,"10B - 19F","10B","19F",0,0,1,0,0,0,0,0,0,0,0.25,0,1.25
"55",55,"10B - 22F","10B","22F",0,0,0,0,0,0.25,0.25,0,0,0.25,0.25,0.25,1.25
"56",56,"10B - 23F","10B","23F",0,0,1,0,0,0,0,0,0,0,0.25,0,1.25
"58",58,"10B - 6B","10B","6B",0,0,1,0,0,0,0,0,0,0,0.25,0,1.25
"61",61,"10C - 19F","10C","19F",0,0,0,0,0.25,0.25,0.25,0,0.25,0,0.25,0,1.25
"111",111,"11B - 7F","11B","7F",0,0,0,0,0.25,0.25,0.25,0,0,0.25,0.25,0,1.25
"117",117,"11D - 19A","11D","19A",0,0,0,0,0.25,0,0.25,0,0.25,0.25,0.25,0,1.25
"126",126,"12B - 7F","12B","7F",0,0,0,0,0.25,0.25,0.25,0,0,0.25,0.25,0,1.25
"127",127,"12F - 14","12F","14",0,0,1,0,0,0,0,0,0,0,0.25,0,1.25
"147",147,"13 - 2","13","2",0,0,0,0,0,0.25,0.25,0.25,0,0.25,0.25,0,1.25
"182",182,"14 - 6E","14","6E",0,0,1,0,0,0,0,0,0,0,0.25,0,1.25
"186",186,"14 - 8","14","8",0,0,1,0,0,0,0,0,0,0,0.25,0,1.25
"231",231,"15B/C - 31","15B/C","31",0,0,0,0,0,0.25,0.25,0.25,0,0.25,0.25,0,1.25
"244",244,"15F - 17F","15F","17F",0,0,0,0,0,0.25,0.25,0,0,0.25,0.25,0.25,1.25
"256",256,"16F - 19F","16F","19F",0,0,1,0,0,0,0,0,0,0,0.25,0,1.25
"267",267,"17F - 19A","17F","19A",0,0,1,0,0,0,0,0,0,0,0.25,0,1.25
"278",278,"17F - 48","17F","48",0,0,0,0,0,0.25,0.25,0.25,0,0.25,0.25,0,1.25
"280",280,"17F - 6C/D","17F","6C/D",0,0,1,0,0,0,0,0,0,0,0.25,0,1.25
"320",320,"18F - 24F","18F","24F",0,0,0,0,0,0.25,0.25,0,0,0.25,0.25,0.25,1.25
"329",329,"19A - 22A","19A","22A",0,0,1,0,0,0,0,0,0,0,0.25,0,1.25
"336",336,"19A - 29","19A","29",0,0,1,0,0,0,0,0,0,0,0.25,0,1.25
"342",342,"19A - 35C","19A","35C",0,0,1,0,0,0,0,0,0,0,0.25,0,1.25
"344",344,"19A - 38","19A","38",0,0,1,0,0,0,0,0,0,0,0.25,0,1.25
"356",356,"19A - 9L","19A","9L",0,0,1,0,0,0,0,0,0,0,0.25,0,1.25
"360",360,"19B - 23A","19B","23A",0,0,0,0,0.25,0,0.25,0,0,0.25,0.25,0.25,1.25
"373",373,"19F - 29","19F","29",0,0,1,0,0,0,0,0,0,0,0.25,0,1.25
"379",379,"19F - 33F","19F","33F",0,0,1,0,0,0,0,0,0,0,0.25,0,1.25
"380",380,"19F - 34","19F","34",0,0,1,0,0,0,0,0,0,0,0.25,0,1.25
"383",383,"19F - 37","19F","37",0,0,1,0,0,0,0,0,0,0,0.25,0,1.25
"394",394,"19F - 8","19F","8",0,0,1,0,0,0,0,0,0,0,0.25,0,1.25
"395",395,"19F - 9A","19F","9A",1,0,0,0,0,0,0,0,0,0,0.25,0,1.25
"396",396,"19F - 9L","19F","9L",0,0,1,0,0,0,0,0,0,0,0.25,0,1.25
"418",418,"22F - 33F","22F","33F",0,0,0,0,0,0.25,0.25,0.25,0,0.25,0.25,0,1.25
"428",428,"23A - 24B","23A","24B",0,0,0,0,0,0.25,0.25,0,0,0.25,0.25,0.25,1.25
"446",446,"23B - 31","23B","31",0,0,0,0,0,0.25,0.25,0,0,0.25,0.25,0.25,1.25
"455",455,"23F - 29","23F","29",0,0,1,0,0,0,0,0,0,0,0.25,0,1.25
"460",460,"23F - 35C","23F","35C",0,0,1,0,0,0,0,0,0,0,0.25,0,1.25
"461",461,"23F - 38","23F","38",0,0,1,0,0,0,0,0,0,0,0.25,0,1.25
"472",472,"23F - 8","23F","8",0,0,1,0,0,0,0,0,0,0,0.25,0,1.25
"484",484,"24F - 6A","24F","6A",0,0,1,0,0,0,0,0,0,0,0.25,0,1.25
"485",485,"24F - 6B","24F","6B",0,0,1,0,0,0,0,0,0,0,0.25,0,1.25
"525",525,"31 - 9A","31","9A",0,0,0,0,0.25,0.25,0.25,0,0,0.25,0.25,0,1.25
"527",527,"31 - 9V","31","9V",0,0,0,0,0.25,0,0.25,0,0,0.25,0.25,0.25,1.25
"531",531,"33A - 35F","33A","35F",0,0,0,0,0,0.25,0.25,0,0.25,0.25,0.25,0,1.25
"535",535,"33B - 33F","33B","33F",0,0,0,0,0.25,0.25,0.25,0,0,0.25,0.25,0,1.25
"549",549,"34 - 6A","34","6A",0,0,1,0,0,0,0,0,0,0,0.25,0,1.25
"555",555,"35A - 35F","35A","35F",0,0,0,0,0,0.25,0.25,0,0,0.25,0.25,0.25,1.25
"572",572,"35F - 6A","35F","6A",0,0,1,0,0,0,0,0,0,0,0.25,0,1.25
"592",592,"5 - 6A","5","6A",0,0,1,0,0,0,0,0,0,0,0.25,0,1.25
"599",599,"6A - 8","6A","8",0,0,1,0,0,0,0,0,0,0,0.25,0,1.25
"609",609,"6B - 9N","6B","9N",0,0,1,0,0,0,0,0,0,0,0.25,0,1.25
"615",615,"6C/D - 8","6C/D","8",0,0,1,0,0,0,0,0,0,0,0.25,0,1.25
"49",49,"10A - 9A","10A","9A",0,0,0,0,0,0,0.25,0,0,0.25,0.25,0.25,1
"84",84,"11A - 25A","11A","25A",0,0,0,0,0,0.25,0.25,0,0,0.25,0.25,0,1
"106",106,"11B - 19F","11B","19F",0,0,0,0,0.25,0,0.25,0,0.25,0,0.25,0,1
"109",109,"11B - 4","11B","4",0,0,0,0,0.25,0.25,0.25,0,0,0,0.25,0,1
"121",121,"12A - 14","12A","14",0,0,0,0,0.25,0.25,0.25,0,0,0,0.25,0,1
"125",125,"12B - 6B","12B","6B",0,0,0,0,0.25,0,0.25,0,0.25,0,0.25,0,1
"164",164,"14 - 19C","14","19C",0,0,0,0,0,0,0.25,0,0,0.25,0.25,0.25,1
"173",173,"14 - 31","14","31",0,0,0,0,0,0.25,0.25,0.25,0,0,0.25,0,1
"257",257,"16F - 22A","16F","22A",0,0,0,0,0,0.25,0.25,0,0,0.25,0.25,0,1
"261",261,"16F - 33A","16F","33A",0,0,0,0,0,0.25,0.25,0,0,0.25,0.25,0,1
"264",264,"16F - 6A","16F","6A",0,0,1,0,0,0,0,0,0,0,0,0,1
"265",265,"16F - 6B","16F","6B",0,0,1,0,0,0,0,0,0,0,0,0,1
"266",266,"16F - 8","16F","8",0,0,0,0,0,0.25,0.25,0.25,0,0,0.25,0,1
"301",301,"18C - 33A","18C","33A",0,0,0,0,0,0,0.25,0,0,0.25,0.25,0.25,1
"311",311,"18C - 7A","18C","7A",0,0,0,0,0,0,0.25,0,0,0.25,0.25,0.25,1
"324",324,"18F - 7F","18F","7F",0,0,0,0,0,0,0.25,0,0,0.25,0.25,0.25,1
"364",364,"19C - 19F","19C","19F",0,0,0,0,0.25,0,0.25,0,0.25,0,0.25,0,1
"417",417,"22F - 33A","22F","33A",0,0,0,0,0,0.25,0.25,0,0,0.25,0.25,0,1
"432",432,"23A - 33A","23A","33A",0,0,0,0,0,0,0.25,0,0,0.25,0.25,0.25,1
"442",442,"23A - 9A","23A","9A",0,0,0,0,0,0,0.25,0,0,0.25,0.25,0.25,1
"488",488,"24F - 7F","24F","7F",0,0,0,0,0,0,0.25,0,0,0.25,0.25,0.25,1
"516",516,"3 - 7A","3","7A",0,0,0,0,0,0,0.25,0,0,0.25,0.25,0.25,1
"536",536,"33B - 35F","33B","35F",0,0,0,0,0.25,0.25,0.25,0,0,0,0.25,0,1
"539",539,"33C - 6B","33C","6B",0,0,0,0,0.25,0,0.25,0,0.25,0,0.25,0,1
"548",548,"34 - 5","34","5",0,0,0,0,0,0.25,0.25,0,0,0.25,0.25,0,1
"563",563,"35B - 7A","35B","7A",0,0,0,0,0,0.25,0.25,0,0,0.25,0.25,0,1
"591",591,"46 - 6B","46","6B",0,0,0,0,0.25,0,0.25,0,0.25,0,0.25,0,1
"18",18,"1 - 24F","1","24F",0,0,0,0,0,0,0.25,0,0,0.25,0.25,0,0.75
"60",60,"10B - 7F","10B","7F",0,0,0,0,0,0,0.25,0,0,0.25,0.25,0,0.75
"66",66,"11A - 11B","11A","11B",0,0,0,0,0,0.25,0.25,0,0,0,0.25,0,0.75
"110",110,"11B - 6B","11B","6B",0,0,0,0,0.25,0,0.25,0,0,0,0.25,0,0.75
"112",112,"11B - 9V","11B","9V",0,0,0,0,0.25,0,0.25,0,0,0,0.25,0,0.75
"161",161,"14 - 18F","14","18F",0,0,0,0,0,0,0.25,0,0,0.25,0.25,0,0.75
"187",187,"14 - 9A","14","9A",0,0,0,0,0,0,0.25,0,0,0.25,0.25,0,0.75
"196",196,"15A - 19B","15A","19B",0,0,0,0,0,0,0.25,0,0,0.25,0.25,0,0.75
"203",203,"15A - 31","15A","31",0,0,0,0,0,0,0.25,0,0,0.25,0.25,0,0.75
"220",220,"15B/C - 19B","15B/C","19B",0,0,0,0,0,0,0.25,0,0,0.25,0.25,0,0.75
"228",228,"15B/C - 24A","15B/C","24A",0,0,0,0,0,0,0.25,0,0,0.25,0.25,0,0.75
"241",241,"15B/C - 9A","15B/C","9A",0,0,0,0,0,0,0,0,0,0.25,0.25,0.25,0.75
"251",251,"15F - 33F","15F","33F",0,0,0,0,0,0.25,0.25,0,0,0,0.25,0,0.75
"263",263,"16F - 37","16F","37",0,0,0,0,0,0.25,0.25,0,0,0,0.25,0,0.75
"299",299,"18C - 24F","18C","24F",0,0,0,0,0,0,0.25,0,0,0.25,0.25,0,0.75
"303",303,"18C - 33F","18C","33F",0,0,0,0,0,0,0.25,0,0,0.25,0.25,0,0.75
"359",359,"19B - 19F","19B","19F",0,0,0,0,0.25,0,0.25,0,0,0,0.25,0,0.75
"362",362,"19B - 3","19B","3",0,0,0,0,0.25,0,0.25,0,0,0,0.25,0,0.75
"372",372,"19F - 28A","19F","28A",0,0,0,0,0,0.25,0.25,0,0,0,0.25,0,0.75
"378",378,"19F - 33D","19F","33D",0,0,0,0,0,0,0.25,0,0,0.25,0.25,0,0.75
"415",415,"22F - 29","22F","29",0,0,0,0,0,0,0.25,0,0,0.25,0.25,0,0.75
"429",429,"23A - 24F","23A","24F",0,0,0,0,0,0,0.25,0,0,0.25,0.25,0,0.75
"448",448,"23B - 42","23B","42",0,0,0,0,0,0.25,0.25,0,0,0,0.25,0,0.75
"510",510,"3 - 42","3","42",0,0,0,0,0,0,0.25,0,0,0.25,0.25,0,0.75
"511",511,"3 - 48","3","48",0,0,0,0,0,0.25,0.25,0,0,0,0.25,0,0.75
"520",520,"3 - 9A","3","9A",0,0,0,0,0,0,0.25,0,0,0.25,0.25,0,0.75
"546",546,"33F - 9V","33F","9V",0,0,0,0,0,0,0.25,0,0,0.25,0.25,0,0.75
"547",547,"34 - 37","34","37",0,0,0,0,0,0.25,0.25,0,0,0,0.25,0,0.75
"579",579,"38 - 9A","38","9A",0,0,0,0,0,0,0.25,0,0,0.25,0.25,0,0.75
"580",580,"38 - 9V","38","9V",0,0,0,0,0,0,0.25,0,0,0.25,0.25,0,0.75
"604",604,"6B - 6G","6B","6G",0,0,0,0,0,0,0.25,0,0,0.25,0.25,0,0.75
"624",624,"9L - 9V","9L","9V",0,0,0,0,0,0,0.25,0,0,0.25,0.25,0,0.75
"4",4,"1 - 11B","1","11B",0,0,0,0,0,0,0.25,0,0,0,0.25,0,0.5
"8",8,"1 - 16F","1","16F",0,0,0,0,0,0,0.25,0,0,0,0.25,0,0.5
"23",23,"1 - 42","1","42",0,0,0,0,0,0,0.25,0,0,0,0.25,0,0.5
"53",53,"10B - 15B/C","10B","15B/C",0,0,0,0,0,0,0.25,0,0,0,0.25,0,0.5
"88",88,"11A - 33B","11A","33B",0,0,0,0,0,0,0.25,0,0,0,0.25,0,0.5
"128",128,"12F - 16F","12F","16F",0,0,0,0,0,0,0.25,0,0,0,0.25,0,0.5
"133",133,"12F - 38","12F","38",0,0,0,0,0,0,0.25,0,0,0,0.25,0,0.5
"151",151,"13 - 35B","13","35B",0,0,0,0,0,0,0.25,0,0,0,0.25,0,0.5
"156",156,"13 - 9A","13","9A",0,0,0,0,0,0,0.25,0,0,0,0.25,0,0.5
"178",178,"14 - 42","14","42",0,0,0,0,0,0,0.25,0,0,0,0.25,0,0.5
"183",183,"14 - 7A","14","7A",0,0,0,0,0,0,0.25,0,0,0,0.25,0,0.5
"193",193,"15A - 17F","15A","17F",0,0,0,0,0,0,0.25,0,0,0,0.25,0,0.5
"207",207,"15A - 38","15A","38",0,0,0,0,0,0,0.25,0,0,0,0.25,0,0.5
"229",229,"15B/C - 24F","15B/C","24F",0,0,0,0,0,0,0.25,0,0,0,0.25,0,0.5
"232",232,"15B/C - 35A","15B/C","35A",0,0,0,0,0,0,0.25,0,0,0,0.25,0,0.5
"234",234,"15B/C - 38","15B/C","38",0,0,0,0,0,0,0.25,0,0,0,0.25,0,0.5
"240",240,"15B/C - 8","15B/C","8",0,0,0,0,0,0,0.25,0,0,0,0.25,0,0.5
"260",260,"16F - 3","16F","3",0,0,0,0,0,0,0.25,0,0,0,0.25,0,0.5
"262",262,"16F - 33F","16F","33F",0,0,0,0,0,0,0.25,0,0,0,0.25,0,0.5
"275",275,"17F - 35C","17F","35C",0,0,0,0,0,0,0.25,0,0,0,0.25,0,0.5
"276",276,"17F - 38","17F","38",0,0,0,0,0,0,0.25,0,0,0,0.25,0,0.5
"302",302,"18C - 33B","18C","33B",0,0,0,0,0,0,0.25,0,0,0,0.25,0,0.5
"314",314,"18C - 9N","18C","9N",0,0,0,0,0,0,0.25,0,0,0,0.25,0,0.5
"323",323,"18F - 6C/D","18F","6C/D",0,0,0,0,0,0,0.25,0,0,0,0.25,0,0.5
"325",325,"19A - 19B","19A","19B",0,0,0,0,0,0,0.25,0,0,0,0.25,0,0.5
"326",326,"19A - 19C","19A","19C",0,0,0,0,0,0,0.25,0,0,0,0.25,0,0.5
"335",335,"19A - 27","19A","27",0,0,0,0,0,0,0.25,0,0,0,0.25,0,0.5
"377",377,"19F - 33B","19F","33B",0,0,0,0,0,0,0.25,0,0,0,0.25,0,0.5
"386",386,"19F - 42","19F","42",0,0,0,0,0,0,0.25,0,0,0,0.25,0,0.5
"387",387,"19F - 48","19F","48",0,0,0,0,0,0,0.25,0,0,0,0.25,0,0.5
"447",447,"23B - 35B","23B","35B",0,0,0,0,0,0,0.25,0,0,0,0.25,0,0.5
"458",458,"23F - 32F","23F","32F",0,0,0,0,0,0,0.25,0,0,0,0.25,0,0.5
"464",464,"23F - 48","23F","48",0,0,0,0,0,0,0.25,0,0,0,0.25,0,0.5
"482",482,"24F - 35B","24F","35B",0,0,0,0,0,0,0.25,0,0,0,0.25,0,0.5
"483",483,"24F - 4","24F","4",0,0,0,0,0,0,0.25,0,0,0,0.25,0,0.5
"486",486,"24F - 6E","24F","6E",0,0,0,0,0,0,0.25,0,0,0,0.25,0,0.5
"489",489,"24F - 9N","24F","9N",0,0,0,0,0,0,0.25,0,0,0,0.25,0,0.5
"508",508,"3 - 38","3","38",0,0,0,0,0,0,0.25,0,0,0,0.25,0,0.5
"532",532,"33A - 6A","33A","6A",0,0,0,0,0,0,0,0,0.25,0,0.25,0,0.5
"538",538,"33B - 6B","33B","6B",0,0,0,0,0.25,0,0,0,0,0,0.25,0,0.5
"542",542,"33F - 35F","33F","35F",0,0,0,0,0,0,0.25,0,0,0,0.25,0,0.5
"558",558,"35B - 38","35B","38",0,0,0,0,0,0,0.25,0,0,0,0.25,0,0.5
"559",559,"35B - 4","35B","4",0,0,0,0,0,0,0.25,0,0,0,0.25,0,0.5
"564",564,"35B - 7B/C","35B","7B/C",0,0,0,0,0,0,0.25,0,0,0,0.25,0,0.5
"565",565,"35B - 9A","35B","9A",0,0,0,0,0,0,0.25,0,0,0,0.25,0,0.5
"566",566,"35B - 9N","35B","9N",0,0,0,0,0,0,0.25,0,0,0,0.25,0,0.5
"581",581,"4 - 5","4","5",0,0,0,0,0,0,0.25,0,0,0,0.25,0,0.5
"59",59,"10B - 6C/D","10B","6C/D",0,0,0,0,0,0,0,0,0,0,0.25,0,0.25
"175",175,"14 - 35F","14","35F",0,0,0,0,0,0,0,0,0,0,0.25,0,0.25
"305",305,"18C - 35B","18C","35B",0,0,0,0,0,0,0,0,0,0,0.25,0,0.25
"317",317,"18F - 19F","18F","19F",0,0,0,0,0,0,0,0,0,0,0.25,0,0.25
"321",321,"18F - 6A","18F","6A",0,0,0,0,0,0,0,0,0,0,0.25,0,0.25
"376",376,"19F - 33A","19F","33A",0,0,0,0,0,0,0,0,0,0,0.25,0,0.25
"475",475,"23F - 9N","23F","9N",0,0,0,0,0,0,0,0,0,0,0.25,0,0.25
"574",574,"37 - 6A","37","6A",0,0,0,0,0,0,0,0,0,0,0.25,0,0.25
"575",575,"37 - 6B","37","6B",0,0,0,0,0,0,0,0,0,0,0.25,0,0.25
"259",259,"16F - 23F","16F","23F",0,0,0,0,0,0,0,0,0,0,0,0,0
"544",544,"33F - 6A","33F","6A",0,0,0,0,0,0,0,0,0,0,0,0,0
