"","lhs","","rhs","support","confidence","lift","count","ST_chisq","ST_fisher"
"[125]","{24B}","=>","{24F}",0.00413223140495868,1,51.8571428571429,3,3.45604047060158e-35,5.73111918995983e-06
"[126]","{24F}","=>","{24B}",0.00413223140495868,0.214285714285714,51.8571428571429,3,3.45604047060158e-35,5.73111918995984e-06
"[141]","{7A}","=>","{7F}",0.00413223140495868,0.75,27.225,3,8.57068184341937e-19,7.05303184430354e-05
"[142]","{7F}","=>","{7A}",0.00413223140495868,0.15,27.225,3,8.5706818434195e-19,7.05303184430354e-05
"[165]","{10F}","=>","{10A}",0.00413223140495868,0.6,18.9391304347826,3,3.32084734214214e-13,0.000267392616958177
"[166]","{10A}","=>","{10F}",0.00413223140495868,0.130434782608696,18.9391304347826,3,3.32084734214214e-13,0.000267392616958177
"[173]","{12B}","=>","{12F}",0.00413223140495868,0.6,36.3,3,9.78343761696889e-25,3.39947196348855e-05
"[174]","{12F}","=>","{12B}",0.00413223140495868,0.25,36.3,3,9.78343761696889e-25,3.39947196348855e-05
"[183]","{33D}","=>","{33B}",0.00413223140495868,0.6,87.12,3,2.9081932908167e-58,1.56795378770422e-06
"[184]","{33B}","=>","{33D}",0.00413223140495868,0.6,87.12,3,2.9081932908167e-58,1.56795378770422e-06
"[237]","{37}","=>","{3}",0.00413223140495868,0.5,8.64285714285714,3,3.18788678753145e-06,0.00319447239961486
"[238]","{3}","=>","{37}",0.00413223140495868,0.0714285714285714,8.64285714285714,3,3.18788678753145e-06,0.00319447239961486
"[299]","{35A}","=>","{35C}",0.00413223140495868,0.333333333333333,17.2857142857143,3,5.4308406810707e-12,0.000449354574502341
"[300]","{35C}","=>","{35A}",0.00413223140495868,0.214285714285714,17.2857142857143,3,5.4308406810707e-12,0.000449354574502341
"[309]","{35A}","=>","{9V}",0.00413223140495868,0.333333333333333,4.74509803921569,3,0.00188607375951416,0.0203123274332192
"[310]","{9V}","=>","{35A}",0.00413223140495868,0.0588235294117647,4.74509803921569,3,0.00188607375951416,0.0203123274332192
"[319]","{18F}","=>","{18C}",0.00413223140495868,0.428571428571429,8.88979591836735,3,2.34943306662687e-06,0.0031519527422461
"[320]","{18C}","=>","{18F}",0.00413223140495868,0.0857142857142857,8.88979591836735,3,2.34943306662687e-06,0.00315195274224609
"[335]","{42}","=>","{35C}",0.00550964187327824,0.8,41.4857142857143,4,3.62196586269221e-37,4.31146482204654e-07
"[336]","{35C}","=>","{42}",0.00550964187327824,0.285714285714286,41.4857142857143,4,3.62196586269221e-37,4.31146482204653e-07
"[369]","{34}","=>","{19A}",0.00550964187327824,0.363636363636364,1.48314606741573,4,0.357437728620253,0.272471950155914
"[370]","{19A}","=>","{34}",0.00550964187327824,0.0224719101123595,1.48314606741573,4,0.357437728620252,0.272471950155914
"[405]","{9L}","=>","{9N}",0.00826446280991736,0.666666666666667,30.25,6,4.20926339107861e-40,3.2575657020989e-09
"[406]","{9N}","=>","{9L}",0.00826446280991736,0.375,30.25,6,4.20926339107866e-40,3.25756570209891e-09
"[423]","{10B}","=>","{10A}",0.00964187327823691,0.777777777777778,24.5507246376812,7,7.6171066124898e-38,4.14126870908874e-10
"[424]","{10A}","=>","{10B}",0.00964187327823691,0.304347826086957,24.5507246376812,7,7.6171066124898e-38,4.14126870908875e-10
"[447]","{18B}","=>","{18C}",0.0137741046831956,0.909090909090909,18.8571428571429,10,3.96299479988594e-41,1.85627283152617e-13
"[448]","{18C}","=>","{18B}",0.0137741046831956,0.285714285714286,18.8571428571429,10,3.96299479988594e-41,1.85627283152617e-13
"[457]","{33A}","=>","{33F}",0.0110192837465565,1,55.8461538461538,8,1.73111740006917e-98,6.98897891853965e-16
"[458]","{33F}","=>","{33A}",0.0110192837465565,0.615384615384615,55.8461538461538,8,1.73111740006917e-98,6.98897891853967e-16
"[463]","{33A}","=>","{11A}",0.00413223140495868,0.375,8.5078125,3,4.53518384336994e-06,0.00375504012762849
"[464]","{11A}","=>","{33A}",0.00413223140495868,0.09375,8.5078125,3,4.53518384336994e-06,0.00375504012762849
"[495]","{13}","=>","{23F}",0.00413223140495868,0.375,2.43080357142857,3,0.0822064765371615,0.11138203443788
"[496]","{23F}","=>","{13}",0.00413223140495868,0.0267857142857143,2.43080357142857,3,0.0822064765371616,0.11138203443788
"[513]","{29}","=>","{35B}",0.00964187327823691,0.5,11,7,1.65369496445377e-16,5.71085005697731e-07
"[514]","{35B}","=>","{29}",0.00964187327823691,0.212121212121212,11,7,1.65369496445377e-16,5.71085005697731e-07
"[551]","{35F}","=>","{19F}",0.00413223140495868,0.230769230769231,1.16346153846154,3,0.767365974964318,0.493221703305402
"[552]","{19F}","=>","{35F}",0.00413223140495868,0.0208333333333333,1.16346153846154,3,0.767365974964318,0.493221703305402
"[575]","{16F}","=>","{19A}",0.00413223140495868,0.25,1.01966292134831,3,0.968774690639904,0.595780524751081
"[576]","{19A}","=>","{16F}",0.00413223140495868,0.0168539325842697,1.01966292134831,3,0.968774690639904,0.595780524751081
"[579]","{21}","=>","{18C}",0.00413223140495868,0.272727272727273,5.65714285714286,3,0.000460243789576752,0.0129946380346886
"[580]","{18C}","=>","{21}",0.00413223140495868,0.0857142857142857,5.65714285714286,3,0.000460243789576751,0.0129946380346886
"[593]","{21}","=>","{23F}",0.00413223140495868,0.272727272727273,1.76785714285714,3,0.273071781196106,0.233266071955207
"[594]","{23F}","=>","{21}",0.00413223140495868,0.0267857142857143,1.76785714285714,3,0.273071781196106,0.233266071955207
"[595]","{21}","=>","{19F}",0.00550964187327824,0.363636363636364,1.83333333333333,4,0.165954606265188,0.155946169460658
"[596]","{19F}","=>","{21}",0.00550964187327824,0.0277777777777778,1.83333333333333,4,0.165954606265188,0.155946169460657
"[597]","{21}","=>","{19A}",0.00550964187327824,0.363636363636364,1.48314606741573,4,0.357437728620253,0.272471950155914
"[598]","{19A}","=>","{21}",0.00550964187327824,0.0224719101123595,1.48314606741573,4,0.357437728620252,0.272471950155914
"[603]","{12F}","=>","{7F}",0.00413223140495868,0.25,9.075,3,2.05946029774296e-06,0.00336476512817784
"[604]","{7F}","=>","{12F}",0.00413223140495868,0.15,9.075,3,2.05946029774296e-06,0.00336476512817784
"[631]","{15F}","=>","{15A}",0.00550964187327824,0.5,7.72340425531915,4,4.87927236780041e-07,0.000894927495616543
"[632]","{15A}","=>","{15F}",0.00550964187327824,0.0851063829787234,7.72340425531915,4,4.87927236780041e-07,0.000894927495616545
"[637]","{15F}","=>","{15B/C}",0.0068870523415978,0.625,7.82327586206897,5,1.07571378515233e-08,0.000128069479615959
"[638]","{15B/C}","=>","{15F}",0.0068870523415978,0.0862068965517241,7.82327586206897,5,1.07571378515233e-08,0.000128069479615959
"[641]","{15F}","=>","{19F}",0.00413223140495868,0.375,1.890625,3,0.207674415254758,0.198523421622825
"[642]","{19F}","=>","{15F}",0.00413223140495868,0.0208333333333333,1.890625,3,0.207674415254758,0.198523421622825
"[643]","{15F}","=>","{19A}",0.0068870523415978,0.625,2.54915730337079,5,0.0120351035146124,0.0244530672947307
"[644]","{19A}","=>","{15F}",0.0068870523415978,0.0280898876404494,2.54915730337079,5,0.0120351035146124,0.0244530672947307
"[655]","{8}","=>","{11A}",0.00413223140495868,0.3,6.80625,3,7.18387835085068e-05,0.00757231550107837
"[656]","{11A}","=>","{8}",0.00413223140495868,0.09375,6.80625,3,7.18387835085065e-05,0.00757231550107837
"[677]","{8}","=>","{6B}",0.00413223140495868,0.3,1.24457142857143,3,0.660737538437354,0.447727910788168
"[678]","{6B}","=>","{8}",0.00413223140495868,0.0171428571428571,1.24457142857143,3,0.660737538437353,0.447727910788168
"[701]","{17F}","=>","{23F}",0.0068870523415978,0.416666666666667,2.70089285714286,5,0.0111637007040846,0.025673338850864
"[702]","{23F}","=>","{17F}",0.0068870523415978,0.0446428571428571,2.70089285714286,5,0.0111637007040846,0.025673338850864
"[713]","{33F}","=>","{11A}",0.00413223140495868,0.230769230769231,5.23557692307692,3,0.000936138321144955,0.0164800313539633
"[714]","{11A}","=>","{33F}",0.00413223140495868,0.09375,5.23557692307692,3,0.000936138321144955,0.0164800313539633
"[719]","{33F}","=>","{3}",0.00413223140495868,0.230769230769231,3.98901098901099,3,0.00704403500267585,0.0343238116407377
"[720]","{3}","=>","{33F}",0.00413223140495868,0.0714285714285714,3.98901098901099,3,0.00704403500267585,0.0343238116407377
"[747]","{7B/C}","=>","{23F}",0.00550964187327824,0.285714285714286,1.85204081632653,4,0.169156122837543,0.156151022587155
"[748]","{23F}","=>","{7B/C}",0.00550964187327824,0.0357142857142857,1.85204081632653,4,0.169156122837543,0.156151022587155
"[749]","{7B/C}","=>","{19F}",0.00413223140495868,0.214285714285714,1.08035714285714,3,0.879959361449315,0.547248339494123
"[750]","{19F}","=>","{7B/C}",0.00413223140495868,0.0208333333333333,1.08035714285714,3,0.879959361449315,0.547248339494123
"[753]","{7B/C}","=>","{19A}",0.00964187327823691,0.5,2.03932584269663,7,0.0252198127123599,0.0332155075595655
"[754]","{19A}","=>","{7B/C}",0.00964187327823691,0.0393258426966292,2.03932584269663,7,0.0252198127123599,0.0332155075595655
"[765]","{38}","=>","{1}",0.00413223140495868,0.25,5.33823529411765,3,0.000782265163318603,0.0154670361648078
"[766]","{1}","=>","{38}",0.00413223140495868,0.0882352941176471,5.33823529411765,3,0.000782265163318603,0.0154670361648078
"[771]","{38}","=>","{23A}",0.00413223140495868,0.25,4.65384615384615,3,0.00235806993628937,0.0225243089745865
"[772]","{23A}","=>","{38}",0.00413223140495868,0.0769230769230769,4.65384615384615,3,0.00235806993628936,0.0225243089745865
"[793]","{9N}","=>","{4}",0.00413223140495868,0.1875,5.23557692307692,3,0.000960702093727949,0.0167667855419198
"[794]","{4}","=>","{9N}",0.00413223140495868,0.115384615384615,5.23557692307692,3,0.000960702093727949,0.0167667855419198
"[801]","{9N}","=>","{9V}",0.00550964187327824,0.25,3.55882352941176,4,0.00444201976889667,0.0209500053179805
"[802]","{9V}","=>","{9N}",0.00550964187327824,0.0784313725490196,3.55882352941176,4,0.00444201976889667,0.0209500053179805
"[805]","{9N}","=>","{14}",0.00413223140495868,0.1875,1.74519230769231,3,0.295677121168943,0.241902558223521
"[806]","{14}","=>","{9N}",0.00413223140495868,0.0384615384615385,1.74519230769231,3,0.295677121168943,0.241902558223521
"[809]","{9N}","=>","{19F}",0.00550964187327824,0.25,1.26041666666667,4,0.600315152928554,0.395175373506766
"[810]","{19F}","=>","{9N}",0.00550964187327824,0.0277777777777778,1.26041666666667,4,0.600315152928555,0.395175373506766
"[813]","{9N}","=>","{19A}",0.00413223140495868,0.1875,0.764747191011236,3,0.58759976069743,0.793633552498027
"[814]","{19A}","=>","{9N}",0.00413223140495868,0.0168539325842697,0.764747191011236,3,0.58759976069743,0.793633552498027
"[839]","{22F}","=>","{19F}",0.00413223140495868,0.230769230769231,1.16346153846154,3,0.767365974964318,0.493221703305402
"[840]","{19F}","=>","{22F}",0.00413223140495868,0.0208333333333333,1.16346153846154,3,0.767365974964318,0.493221703305402
"[841]","{22F}","=>","{19A}",0.00550964187327824,0.307692307692308,1.25496974935177,4,0.597018399921881,0.399436704227957
"[842]","{19A}","=>","{22F}",0.00550964187327824,0.0224719101123595,1.25496974935177,4,0.597018399921881,0.399436704227957
"[855]","{9A}","=>","{9V}",0.0137741046831956,0.588235294117647,8.37370242214533,10,2.75623047674585e-17,1.62118175211661e-08
"[856]","{9V}","=>","{9A}",0.0137741046831956,0.196078431372549,8.37370242214533,10,2.75623047674585e-17,1.62118175211661e-08
"[865]","{9A}","=>","{19F}",0.00413223140495868,0.176470588235294,0.889705882352941,3,0.8189482934664,0.687382237408833
"[866]","{19F}","=>","{9A}",0.00413223140495868,0.0208333333333333,0.889705882352941,3,0.8189482934664,0.687382237408833
"[867]","{9A}","=>","{6B}",0.00413223140495868,0.176470588235294,0.732100840336135,3,0.528748035048495,0.818190958726356
"[868]","{6B}","=>","{9A}",0.00413223140495868,0.0171428571428571,0.732100840336135,3,0.528748035048495,0.818190958726356
"[869]","{9A}","=>","{19A}",0.0068870523415978,0.294117647058824,1.19960343688037,5,0.635049001462467,0.407451480447567
"[870]","{19A}","=>","{9A}",0.0068870523415978,0.0280898876404494,1.19960343688037,5,0.635049001462467,0.407451480447567
"[891]","{24F}","=>","{14}",0.00550964187327824,0.285714285714286,2.65934065934066,4,0.0296194505025966,0.0534740106212186
"[892]","{14}","=>","{24F}",0.00550964187327824,0.0512820512820513,2.65934065934066,4,0.0296194505025966,0.0534740106212186
"[897]","{24F}","=>","{19F}",0.00413223140495868,0.214285714285714,1.08035714285714,3,0.879959361449315,0.547248339494123
"[898]","{19F}","=>","{24F}",0.00413223140495868,0.0208333333333333,1.08035714285714,3,0.879959361449315,0.547248339494123
"[901]","{24F}","=>","{19A}",0.00550964187327824,0.285714285714286,1.1653290529695,4,0.721833669140322,0.462084977957285
"[902]","{19A}","=>","{24F}",0.00550964187327824,0.0224719101123595,1.1653290529695,4,0.721833669140322,0.462084977957285
"[923]","{10A}","=>","{23F}",0.00413223140495868,0.130434782608696,0.845496894409938,3,0.747755426877255,0.71571693449018
"[924]","{23F}","=>","{10A}",0.00413223140495868,0.0267857142857143,0.845496894409938,3,0.747755426877255,0.71571693449018
"[925]","{10A}","=>","{6A}",0.00550964187327824,0.173913043478261,0.7746065617498,4,0.554476691210382,0.797058125356725
"[926]","{6A}","=>","{10A}",0.00550964187327824,0.0245398773006135,0.7746065617498,4,0.554476691210382,0.797058125356725
"[927]","{10A}","=>","{19F}",0.00413223140495868,0.130434782608696,0.657608695652174,3,0.406518303339147,0.866841589831808
"[928]","{19F}","=>","{10A}",0.00413223140495868,0.0208333333333333,0.657608695652174,3,0.406518303339147,0.866841589831808
"[929]","{10A}","=>","{6B}",0.00413223140495868,0.130434782608696,0.54111801242236,3,0.20753513995725,0.943371628318072
"[930]","{6B}","=>","{10A}",0.00413223140495868,0.0171428571428571,0.54111801242236,3,0.20753513995725,0.943371628318072
"[931]","{10A}","=>","{19A}",0.00550964187327824,0.173913043478261,0.70933072789448,4,0.419452485959928,0.855552225477923
"[932]","{19A}","=>","{10A}",0.00550964187327824,0.0224719101123595,0.70933072789448,4,0.419452485959928,0.855552225477923
"[935]","{7F}","=>","{18C}",0.00413223140495868,0.15,3.11142857142857,3,0.031159863376583,0.0665916414056623
"[936]","{18C}","=>","{7F}",0.00413223140495868,0.0857142857142857,3.11142857142857,3,0.031159863376583,0.0665916414056622
"[947]","{7F}","=>","{14}",0.00550964187327824,0.2,1.86153846153846,4,0.175242503868338,0.158199601258058
"[948]","{14}","=>","{7F}",0.00550964187327824,0.0512820512820513,1.86153846153846,4,0.175242503868338,0.158199601258058
"[953]","{7F}","=>","{19F}",0.00413223140495868,0.15,0.75625,3,0.582421300149683,0.792644073042424
"[954]","{19F}","=>","{7F}",0.00413223140495868,0.0208333333333333,0.75625,3,0.582421300149683,0.792644073042424
"[955]","{7F}","=>","{6B}",0.00413223140495868,0.15,0.622285714285714,3,0.334366428139554,0.89664823612642
"[956]","{6B}","=>","{7F}",0.00413223140495868,0.0171428571428571,0.622285714285714,3,0.334366428139554,0.89664823612642
"[957]","{7F}","=>","{19A}",0.00550964187327824,0.2,0.815730337078652,4,0.633881023962216,0.763555869596285
"[958]","{19A}","=>","{7F}",0.00550964187327824,0.0224719101123595,0.815730337078652,4,0.633881023962216,0.763555869596286
"[967]","{23B}","=>","{23A}",0.00826446280991736,0.375,6.98076923076923,6,8.22330692270749e-09,8.77964246771423e-05
"[968]","{23A}","=>","{23B}",0.00826446280991736,0.153846153846154,6.98076923076923,6,8.22330692270749e-09,8.77964246771423e-05
"[977]","{23B}","=>","{14}",0.00413223140495868,0.1875,1.74519230769231,3,0.295677121168943,0.241902558223521
"[978]","{14}","=>","{23B}",0.00413223140495868,0.0384615384615385,1.74519230769231,3,0.295677121168943,0.241902558223521
"[979]","{23B}","=>","{23F}",0.0110192837465565,0.5,3.24107142857143,8,0.000108166121047658,0.00110660267377072
"[980]","{23F}","=>","{23B}",0.0110192837465565,0.0714285714285714,3.24107142857143,8,0.000108166121047658,0.00110660267377072
"[981]","{23B}","=>","{6A}",0.00413223140495868,0.1875,0.835122699386503,3,0.719715558202714,0.734548945919606
"[982]","{6A}","=>","{23B}",0.00413223140495868,0.0184049079754601,0.835122699386503,3,0.719715558202714,0.734548945919606
"[983]","{23B}","=>","{19F}",0.00826446280991736,0.375,1.890625,6,0.0731489904396755,0.0767105131537501
"[984]","{19F}","=>","{23B}",0.00826446280991736,0.0416666666666667,1.890625,6,0.0731489904396753,0.0767105131537502
"[985]","{23B}","=>","{6B}",0.00550964187327824,0.25,1.03714285714286,4,0.932525591224909,0.563798909014829
"[986]","{6B}","=>","{23B}",0.00550964187327824,0.0228571428571429,1.03714285714286,4,0.932525591224909,0.563798909014829
"[987]","{23B}","=>","{19A}",0.00964187327823691,0.4375,1.78441011235955,7,0.0705652944837392,0.0704534457695458
"[988]","{19A}","=>","{23B}",0.00964187327823691,0.0393258426966292,1.78441011235955,7,0.0705652944837391,0.0704534457695458
"[989]","{4}","=>","{18C}",0.00413223140495868,0.115384615384615,2.39340659340659,3,0.103426010826847,0.124758279646614
"[990]","{18C}","=>","{4}",0.00413223140495868,0.0857142857142857,2.39340659340659,3,0.103426010826847,0.124758279646614
"[993]","{4}","=>","{1}",0.0068870523415978,0.192307692307692,4.10633484162896,5,0.000349516701106761,0.00539152656298948
"[994]","{1}","=>","{4}",0.0068870523415978,0.147058823529412,4.10633484162896,5,0.000349516701106761,0.00539152656298948
"[1003]","{4}","=>","{9V}",0.00413223140495868,0.115384615384615,1.64253393665158,3,0.359069723668763,0.273339306337274
"[1004]","{9V}","=>","{4}",0.00413223140495868,0.0588235294117647,1.64253393665158,3,0.359069723668763,0.273339306337274
"[1005]","{4}","=>","{15B/C}",0.00413223140495868,0.115384615384615,1.44429708222812,3,0.496607285591123,0.344887900072751
"[1006]","{15B/C}","=>","{4}",0.00413223140495868,0.0517241379310345,1.44429708222812,3,0.496607285591123,0.344887900072751
"[1007]","{4}","=>","{14}",0.00964187327823691,0.269230769230769,2.50591715976331,7,0.00666556767648326,0.0153516064048859
"[1008]","{14}","=>","{4}",0.00964187327823691,0.0897435897435897,2.50591715976331,7,0.00666556767648325,0.0153516064048859
"[1009]","{4}","=>","{23F}",0.00550964187327824,0.153846153846154,0.997252747252747,4,0.995138539283033,0.588621640843428
"[1010]","{23F}","=>","{4}",0.00550964187327824,0.0357142857142857,0.997252747252747,4,0.995138539283033,0.588621640843429
"[1011]","{4}","=>","{19F}",0.00550964187327824,0.153846153846154,0.775641025641026,4,0.562237693638434,0.792205519493145
"[1012]","{19F}","=>","{4}",0.00550964187327824,0.0277777777777778,0.775641025641026,4,0.562237693638434,0.792205519493145
"[1015]","{4}","=>","{19A}",0.00826446280991736,0.230769230769231,0.941227312013829,6,0.861912057831856,0.645414151771222
"[1016]","{19A}","=>","{4}",0.00826446280991736,0.0337078651685393,0.941227312013829,6,0.861912057831856,0.645414151771222
"[1019]","{6E}","=>","{6C/D}",0.00413223140495868,0.0731707317073171,0.61769710720363,3,0.355586226121116,0.88587436904557
"[1020]","{6C/D}","=>","{6E}",0.00413223140495868,0.0348837209302326,0.61769710720363,3,0.355586226121116,0.88587436904557
"[1023]","{6E}","=>","{23F}",0.00413223140495868,0.0731707317073171,0.474303135888502,3,0.138861015077332,0.966576659502308
"[1024]","{23F}","=>","{6E}",0.00413223140495868,0.0267857142857143,0.474303135888502,3,0.138861015077332,0.966576659502308
"[1025]","{6E}","=>","{6A}",0.0151515151515152,0.268292682926829,1.19497231782134,11,0.489216042797438,0.300843861335929
"[1026]","{6A}","=>","{6E}",0.0151515151515152,0.0674846625766871,1.19497231782134,11,0.489216042797438,0.300843861335929
"[1027]","{6E}","=>","{6B}",0.0495867768595041,0.878048780487805,3.64264808362369,36,9.47341306364701e-23,7.19591842431508e-19
"[1028]","{6B}","=>","{6E}",0.0495867768595041,0.205714285714286,3.64264808362369,36,9.47341306364701e-23,7.19591842431514e-19
"[1029]","{6E}","=>","{19A}",0.00550964187327824,0.0975609756097561,0.397917237599342,4,0.0236979607064672,0.996233513368933
"[1030]","{19A}","=>","{6E}",0.00550964187327824,0.0224719101123595,0.397917237599342,4,0.0236979607064672,0.996233513368933
"[1043]","{18C}","=>","{15B/C}",0.0068870523415978,0.142857142857143,1.78817733990148,5,0.159025133334294,0.138708967712413
"[1044]","{15B/C}","=>","{18C}",0.0068870523415978,0.0862068965517241,1.78817733990148,5,0.159025133334294,0.138708967712413
"[1045]","{18C}","=>","{14}",0.00550964187327824,0.114285714285714,1.06373626373626,4,0.893328155573246,0.530839860760536
"[1046]","{14}","=>","{18C}",0.00550964187327824,0.0512820512820513,1.06373626373626,4,0.893328155573246,0.530839860760536
"[1051]","{18C}","=>","{19F}",0.00413223140495868,0.0857142857142857,0.432142857142857,3,0.0867380896165417,0.982007227275483
"[1052]","{19F}","=>","{18C}",0.00413223140495868,0.0208333333333333,0.432142857142857,3,0.0867380896165419,0.982007227275483
"[1053]","{18C}","=>","{6B}",0.00413223140495868,0.0857142857142857,0.355591836734694,3,0.0276473143979753,0.996055943789226
"[1054]","{6B}","=>","{18C}",0.00413223140495868,0.0171428571428571,0.355591836734694,3,0.0276473143979753,0.996055943789226
"[1055]","{18C}","=>","{19A}",0.0068870523415978,0.142857142857143,0.582664526484751,5,0.1492058404432,0.956995050257611
"[1056]","{19A}","=>","{18C}",0.0068870523415978,0.0280898876404494,0.582664526484751,5,0.1492058404432,0.956995050257611
"[1063]","{35B}","=>","{23A}",0.00550964187327824,0.121212121212121,2.25641025641026,4,0.0783862304493585,0.0942560055274152
"[1064]","{23A}","=>","{35B}",0.00550964187327824,0.102564102564103,2.25641025641026,4,0.0783862304493585,0.0942560055274152
"[1067]","{35B}","=>","{9V}",0.0068870523415978,0.151515151515152,2.15686274509804,5,0.0615244294954166,0.07388752514808
"[1068]","{9V}","=>","{35B}",0.0068870523415978,0.0980392156862745,2.15686274509804,5,0.0615244294954166,0.07388752514808
"[1069]","{35B}","=>","{15B/C}",0.0068870523415978,0.151515151515152,1.89655172413793,5,0.120347691366954,0.114556823595178
"[1070]","{15B/C}","=>","{35B}",0.0068870523415978,0.0862068965517241,1.89655172413793,5,0.120347691366954,0.114556823595178
"[1071]","{35B}","=>","{6C/D}",0.00413223140495868,0.0909090909090909,0.767441860465116,3,0.616199201174187,0.773124745518476
"[1072]","{6C/D}","=>","{35B}",0.00413223140495868,0.0348837209302326,0.767441860465116,3,0.616199201174187,0.773124745518476
"[1073]","{35B}","=>","{14}",0.00550964187327824,0.121212121212121,1.12820512820513,4,0.793682728851384,0.482075755380627
"[1074]","{14}","=>","{35B}",0.00550964187327824,0.0512820512820513,1.12820512820513,4,0.793682728851384,0.482075755380627
"[1075]","{35B}","=>","{23F}",0.0068870523415978,0.151515151515152,0.982142857142857,5,0.964232384454721,0.595283222337478
"[1076]","{23F}","=>","{35B}",0.0068870523415978,0.0446428571428571,0.982142857142857,5,0.964232384454721,0.595283222337478
"[1077]","{35B}","=>","{6A}",0.00826446280991736,0.181818181818182,0.809815950920245,6,0.547380910296694,0.788807533093216
"[1078]","{6A}","=>","{35B}",0.00826446280991736,0.0368098159509202,0.809815950920245,6,0.547380910296694,0.788807533093216
"[1079]","{35B}","=>","{19F}",0.0068870523415978,0.151515151515152,0.763888888888889,5,0.489848665983293,0.817933654146852
"[1080]","{19F}","=>","{35B}",0.0068870523415978,0.0347222222222222,0.763888888888889,5,0.489848665983293,0.817933654146852
"[1081]","{35B}","=>","{6B}",0.0068870523415978,0.151515151515152,0.628571428571429,5,0.218408587052206,0.931457230231775
"[1082]","{6B}","=>","{35B}",0.0068870523415978,0.0285714285714286,0.628571428571429,5,0.218408587052206,0.931457230231775
"[1083]","{35B}","=>","{19A}",0.0110192837465565,0.242424242424242,0.98876404494382,8,0.969965124595488,0.584411834567374
"[1084]","{19A}","=>","{35B}",0.0110192837465565,0.0449438202247191,0.98876404494382,8,0.969965124595488,0.584411834567374
"[1089]","{1}","=>","{23A}",0.00550964187327824,0.117647058823529,2.19004524886878,4,0.0903700276399013,0.102785955363247
"[1090]","{23A}","=>","{1}",0.00550964187327824,0.102564102564103,2.19004524886878,4,0.0903700276399013,0.102785955363247
"[1091]","{1}","=>","{3}",0.0068870523415978,0.147058823529412,2.54201680672269,5,0.022481652929256,0.0403921301779599
"[1092]","{3}","=>","{1}",0.0068870523415978,0.119047619047619,2.54201680672269,5,0.022481652929256,0.0403921301779599
"[1093]","{1}","=>","{9V}",0.00413223140495868,0.0882352941176471,1.2560553633218,3,0.67422218972945,0.432995449832247
"[1094]","{9V}","=>","{1}",0.00413223140495868,0.0588235294117647,1.2560553633218,3,0.67422218972945,0.432995449832247
"[1095]","{1}","=>","{15B/C}",0.0068870523415978,0.147058823529412,1.84077079107505,5,0.138967490376164,0.126358323192076
"[1096]","{15B/C}","=>","{1}",0.0068870523415978,0.0862068965517241,1.84077079107505,5,0.138967490376164,0.126358323192076
"[1099]","{1}","=>","{14}",0.00964187327823691,0.205882352941176,1.91628959276018,7,0.0576091520668131,0.0616451010875579
"[1100]","{14}","=>","{1}",0.00964187327823691,0.0897435897435897,1.91628959276018,7,0.0576091520668132,0.0616451010875579
"[1101]","{1}","=>","{23F}",0.00826446280991736,0.176470588235294,1.14390756302521,6,0.71355780491046,0.430717476166716
"[1102]","{23F}","=>","{1}",0.00826446280991736,0.0535714285714286,1.14390756302521,6,0.713557804910459,0.430717476166716
"[1103]","{1}","=>","{6A}",0.0068870523415978,0.147058823529412,0.654998195597257,5,0.267557809261337,0.912181654587417
"[1104]","{6A}","=>","{1}",0.0068870523415978,0.0306748466257669,0.654998195597257,5,0.267557809261337,0.912181654587417
"[1105]","{1}","=>","{19F}",0.0165289256198347,0.352941176470588,1.77941176470588,12,0.0205865618111825,0.0229359682897083
"[1106]","{19F}","=>","{1}",0.0165289256198347,0.0833333333333333,1.77941176470588,12,0.0205865618111825,0.0229359682897083
"[1107]","{1}","=>","{6B}",0.0110192837465565,0.235294117647059,0.976134453781513,8,0.935976040580947,0.600481567557721
"[1108]","{6B}","=>","{1}",0.0110192837465565,0.0457142857142857,0.976134453781513,8,0.935976040580947,0.600481567557721
"[1109]","{1}","=>","{19A}",0.0068870523415978,0.147058823529412,0.599801718440185,5,0.173126080215301,0.948384550638335
"[1110]","{19A}","=>","{1}",0.0068870523415978,0.0280898876404494,0.599801718440185,5,0.173126080215301,0.948384550638335
"[1111]","{11A}","=>","{15A}",0.00413223140495868,0.09375,1.44813829787234,3,0.495134391683663,0.343267917990691
"[1112]","{15A}","=>","{11A}",0.00413223140495868,0.0638297872340425,1.44813829787234,3,0.495134391683663,0.343267917990691
"[1115]","{11A}","=>","{3}",0.00550964187327824,0.125,2.16071428571429,4,0.0960878017035782,0.106758330014173
"[1116]","{3}","=>","{11A}",0.00550964187327824,0.0952380952380952,2.16071428571429,4,0.0960878017035782,0.106758330014173
"[1117]","{11A}","=>","{9V}",0.0110192837465565,0.25,3.55882352941176,8,4.7121627081503e-05,0.000971315510322946
"[1118]","{9V}","=>","{11A}",0.0110192837465565,0.156862745098039,3.55882352941176,8,4.7121627081503e-05,0.000971315510322944
"[1119]","{11A}","=>","{15B/C}",0.00550964187327824,0.125,1.56465517241379,4,0.335718494715303,0.247651513493523
"[1120]","{15B/C}","=>","{11A}",0.00550964187327824,0.0689655172413793,1.56465517241379,4,0.335718494715303,0.247651513493523
"[1123]","{11A}","=>","{14}",0.0068870523415978,0.15625,1.45432692307692,5,0.361772036221942,0.253532141160138
"[1124]","{14}","=>","{11A}",0.0068870523415978,0.0641025641025641,1.45432692307692,5,0.361772036221942,0.253532141160138
"[1129]","{11A}","=>","{19F}",0.00826446280991736,0.1875,0.9453125,6,0.874939135397547,0.635388826350434
"[1130]","{19F}","=>","{11A}",0.00826446280991736,0.0416666666666667,0.9453125,6,0.874939135397548,0.635388826350434
"[1131]","{11A}","=>","{6B}",0.00413223140495868,0.09375,0.388928571428571,3,0.0463160052576334,0.992079120920143
"[1132]","{6B}","=>","{11A}",0.00413223140495868,0.0171428571428571,0.388928571428571,3,0.0463160052576334,0.992079120920143
"[1133]","{11A}","=>","{19A}",0.012396694214876,0.28125,1.14712078651685,9,0.627584772620724,0.380273429770354
"[1134]","{19A}","=>","{11A}",0.012396694214876,0.050561797752809,1.14712078651685,9,0.627584772620724,0.380273429770354
"[1135]","{15A}","=>","{23A}",0.00550964187327824,0.0851063829787234,1.58428805237316,4,0.323702644992388,0.240791607143258
"[1136]","{23A}","=>","{15A}",0.00550964187327824,0.102564102564103,1.58428805237316,4,0.323702644992388,0.240791607143258
"[1137]","{15A}","=>","{3}",0.0068870523415978,0.106382978723404,1.83890577507599,5,0.140577878874241,0.127269076212415
"[1138]","{3}","=>","{15A}",0.0068870523415978,0.119047619047619,1.83890577507599,5,0.140577878874241,0.127269076212415
"[1141]","{15A}","=>","{15B/C}",0.0206611570247934,0.319148936170213,3.99486426999266,15,3.95395462252851e-10,6.16572988020915e-07
"[1142]","{15B/C}","=>","{15A}",0.0206611570247934,0.258620689655172,3.99486426999266,15,3.95395462252851e-10,6.1657298802091e-07
"[1145]","{15A}","=>","{14}",0.00826446280991736,0.127659574468085,1.18821603927987,6,0.643427184675568,0.392641831127914
"[1146]","{14}","=>","{15A}",0.00826446280991736,0.0769230769230769,1.18821603927987,6,0.643427184675568,0.392641831127914
"[1147]","{15A}","=>","{23F}",0.0068870523415978,0.106382978723404,0.689589665653495,5,0.347311378422244,0.878522825855627
"[1148]","{23F}","=>","{15A}",0.0068870523415978,0.0446428571428571,0.689589665653495,5,0.347311378422244,0.878522825855627
"[1151]","{15A}","=>","{19F}",0.0137741046831956,0.212765957446809,1.07269503546099,10,0.797692652331799,0.459980691534538
"[1152]","{19F}","=>","{15A}",0.0137741046831956,0.0694444444444444,1.07269503546099,10,0.797692652331798,0.459980691534539
"[1153]","{15A}","=>","{6B}",0.00550964187327824,0.0851063829787234,0.35306990881459,4,0.0097509546155536,0.998851891529599
"[1154]","{6B}","=>","{15A}",0.00550964187327824,0.0228571428571429,0.35306990881459,4,0.00975095461555357,0.998851891529599
"[1155]","{15A}","=>","{19A}",0.0179063360881543,0.276595744680851,1.12813770021516,13,0.604666904322021,0.357584380010816
"[1156]","{19A}","=>","{15A}",0.0179063360881543,0.0730337078651685,1.12813770021516,13,0.604666904322022,0.357584380010816
"[1157]","{23A}","=>","{3}",0.00413223140495868,0.0769230769230769,1.32967032967033,3,0.599970111828617,0.395780186756724
"[1158]","{3}","=>","{23A}",0.00413223140495868,0.0714285714285714,1.32967032967033,3,0.599970111828617,0.395780186756724
"[1161]","{23A}","=>","{15B/C}",0.00964187327823691,0.179487179487179,2.24668435013263,7,0.01835738110861,0.0290547059836094
"[1162]","{15B/C}","=>","{23A}",0.00964187327823691,0.120689655172414,2.24668435013263,7,0.01835738110861,0.0290547059836094
"[1163]","{23A}","=>","{6C/D}",0.00413223140495868,0.0769230769230769,0.649373881932022,3,0.409294154676633,0.86357893740328
"[1164]","{6C/D}","=>","{23A}",0.00413223140495868,0.0348837209302326,0.649373881932022,3,0.409294154676633,0.86357893740328
"[1167]","{23A}","=>","{23F}",0.0289256198347107,0.538461538461538,3.49038461538462,21,8.59182583502933e-12,9.30848460756137e-09
"[1168]","{23F}","=>","{23A}",0.0289256198347107,0.1875,3.49038461538462,21,8.59182583502933e-12,9.30848460756136e-09
"[1169]","{23A}","=>","{6A}",0.0068870523415978,0.128205128205128,0.571024067956583,5,0.138388809421704,0.960865124324204
"[1170]","{6A}","=>","{23A}",0.0068870523415978,0.0306748466257669,0.571024067956583,5,0.138388809421704,0.960865124324204
"[1171]","{23A}","=>","{19F}",0.0151515151515152,0.282051282051282,1.42200854700855,11,0.177784830206402,0.128430836612127
"[1172]","{19F}","=>","{23A}",0.0151515151515152,0.0763888888888889,1.42200854700855,11,0.177784830206402,0.128430836612127
"[1173]","{23A}","=>","{6B}",0.0068870523415978,0.128205128205128,0.531868131868132,5,0.0903243883211441,0.976942426441554
"[1174]","{6B}","=>","{23A}",0.0068870523415978,0.0285714285714286,0.531868131868132,5,0.0903243883211443,0.976942426441554
"[1175]","{23A}","=>","{19A}",0.0137741046831956,0.256410256410256,1.04580812445981,10,0.866894794206122,0.49767976327296
"[1176]","{19A}","=>","{23A}",0.0137741046831956,0.0561797752808989,1.04580812445981,10,0.866894794206121,0.49767976327296
"[1177]","{3}","=>","{9V}",0.0110192837465565,0.19047619047619,2.71148459383753,8,0.00168358876980178,0.0062660108997754
"[1178]","{9V}","=>","{3}",0.0110192837465565,0.156862745098039,2.71148459383753,8,0.00168358876980179,0.00626601089977539
"[1179]","{3}","=>","{15B/C}",0.00550964187327824,0.0952380952380952,1.19211822660099,4,0.705451646184936,0.43692306584111
"[1180]","{15B/C}","=>","{3}",0.00550964187327824,0.0689655172413793,1.19211822660099,4,0.705451646184936,0.43692306584111
"[1183]","{3}","=>","{14}",0.00826446280991736,0.142857142857143,1.32967032967033,6,0.445065143552739,0.290840739024685
"[1184]","{14}","=>","{3}",0.00826446280991736,0.0769230769230769,1.32967032967033,6,0.445065143552739,0.290840739024684
"[1185]","{3}","=>","{23F}",0.00964187327823691,0.166666666666667,1.08035714285714,7,0.818754647448541,0.478127508012909
"[1186]","{23F}","=>","{3}",0.00964187327823691,0.0625,1.08035714285714,7,0.818754647448541,0.478127508012909
"[1187]","{3}","=>","{6A}",0.00964187327823691,0.166666666666667,0.742331288343558,7,0.354606415609796,0.870030184526499
"[1188]","{6A}","=>","{3}",0.00964187327823691,0.0429447852760736,0.742331288343558,7,0.354606415609796,0.870030184526499
"[1189]","{3}","=>","{19F}",0.0192837465564738,0.333333333333333,1.68055555555556,14,0.0238083981040937,0.0241501139443541
"[1190]","{19F}","=>","{3}",0.0192837465564738,0.0972222222222222,1.68055555555556,14,0.0238083981040938,0.0241501139443541
"[1191]","{3}","=>","{6B}",0.0110192837465565,0.19047619047619,0.790204081632653,8,0.429869714831822,0.835090133496276
"[1192]","{6B}","=>","{3}",0.0110192837465565,0.0457142857142857,0.790204081632653,8,0.429869714831822,0.835090133496276
"[1193]","{3}","=>","{19A}",0.0110192837465565,0.19047619047619,0.776886035313002,8,0.395877278395716,0.850105290151012
"[1194]","{19A}","=>","{3}",0.0110192837465565,0.0449438202247191,0.776886035313002,8,0.395877278395716,0.850105290151012
"[1195]","{9V}","=>","{15B/C}",0.00964187327823691,0.137254901960784,1.71805273833671,7,0.117102358524918,0.101978899035178
"[1196]","{15B/C}","=>","{9V}",0.00964187327823691,0.120689655172414,1.71805273833671,7,0.117102358524918,0.101978899035178
"[1197]","{9V}","=>","{14}",0.0151515151515152,0.215686274509804,2.00754147812971,11,0.00962681026345914,0.0143743371098637
"[1198]","{14}","=>","{9V}",0.0151515151515152,0.141025641025641,2.00754147812971,11,0.00962681026345914,0.0143743371098637
"[1199]","{9V}","=>","{23F}",0.00826446280991736,0.117647058823529,0.762605042016807,6,0.452696477055087,0.828778561966211
"[1200]","{23F}","=>","{9V}",0.00826446280991736,0.0535714285714286,0.762605042016807,6,0.452696477055087,0.828778561966211
"[1201]","{9V}","=>","{6A}",0.0068870523415978,0.0980392156862745,0.436665463731505,5,0.0247710700073485,0.995603601463629
"[1202]","{6A}","=>","{9V}",0.0068870523415978,0.0306748466257669,0.436665463731505,5,0.0247710700073485,0.995603601463629
"[1203]","{9V}","=>","{19F}",0.0179063360881543,0.254901960784314,1.28513071895425,13,0.293522505890455,0.190329346162729
"[1204]","{19F}","=>","{9V}",0.0179063360881543,0.0902777777777778,1.28513071895425,13,0.293522505890455,0.190329346162729
"[1205]","{9V}","=>","{6B}",0.012396694214876,0.176470588235294,0.732100840336135,9,0.263485321969079,0.904715179099306
"[1206]","{6B}","=>","{9V}",0.012396694214876,0.0514285714285714,0.732100840336134,9,0.263485321969079,0.904715179099306
"[1207]","{9V}","=>","{19A}",0.0179063360881543,0.254901960784314,1.03965631196299,13,0.867061965786813,0.490601189786124
"[1208]","{19A}","=>","{9V}",0.0179063360881543,0.0730337078651685,1.03965631196299,13,0.867061965786813,0.490601189786124
"[1209]","{15B/C}","=>","{6C/D}",0.00550964187327824,0.0689655172413793,0.582197273456295,4,0.223994511460351,0.932406528520051
"[1210]","{6C/D}","=>","{15B/C}",0.00550964187327824,0.0465116279069767,0.582197273456295,4,0.22399451146035,0.932406528520051
"[1211]","{15B/C}","=>","{14}",0.00826446280991736,0.103448275862069,0.962864721485411,6,0.91852511262368,0.60925040904561
"[1212]","{14}","=>","{15B/C}",0.00826446280991736,0.0769230769230769,0.962864721485411,6,0.91852511262368,0.60925040904561
"[1213]","{15B/C}","=>","{23F}",0.0110192837465565,0.137931034482759,0.894088669950739,8,0.719491877742781,0.698948543954045
"[1214]","{23F}","=>","{15B/C}",0.0110192837465565,0.0714285714285714,0.894088669950739,8,0.71949187774278,0.698948543954045
"[1215]","{15B/C}","=>","{6A}",0.00826446280991736,0.103448275862069,0.460757351385657,6,0.0212418762349675,0.996059447366808
"[1216]","{6A}","=>","{15B/C}",0.00826446280991736,0.0368098159509202,0.460757351385657,6,0.0212418762349675,0.996059447366808
"[1217]","{15B/C}","=>","{19F}",0.0192837465564738,0.241379310344828,1.21695402298851,14,0.391553158030079,0.24183962631402
"[1218]","{19F}","=>","{15B/C}",0.0192837465564738,0.0972222222222222,1.21695402298851,14,0.391553158030079,0.24183962631402
"[1219]","{15B/C}","=>","{6B}",0.0110192837465565,0.137931034482759,0.572216748768473,8,0.0556093758700813,0.985304668544179
"[1220]","{6B}","=>","{15B/C}",0.0110192837465565,0.0457142857142857,0.572216748768473,8,0.0556093758700812,0.985304668544179
"[1221]","{15B/C}","=>","{19A}",0.0316804407713499,0.396551724137931,1.61739635800078,23,0.00521107716547004,0.00564708864915242
"[1222]","{19A}","=>","{15B/C}",0.0316804407713499,0.129213483146067,1.61739635800078,23,0.00521107716547004,0.00564708864915242
"[1223]","{6C/D}","=>","{14}",0.00413223140495868,0.0348837209302326,0.324686940966011,3,0.0206592064044562,0.997592330767836
"[1224]","{14}","=>","{6C/D}",0.00413223140495868,0.0384615384615385,0.324686940966011,3,0.0206592064044562,0.997592330767836
"[1225]","{6C/D}","=>","{23F}",0.0151515151515152,0.127906976744186,0.829111295681063,11,0.470980535174586,0.808842734371752
"[1226]","{23F}","=>","{6C/D}",0.0151515151515152,0.0982142857142857,0.829111295681063,11,0.470980535174586,0.808842734371752
"[1227]","{6C/D}","=>","{6A}",0.0798898071625344,0.674418604651163,3.00385219004138,58,1.75137046337793e-26,6.22325184453753e-22
"[1228]","{6A}","=>","{6C/D}",0.0798898071625344,0.355828220858896,3.00385219004138,58,1.75137046337793e-26,6.22325184453763e-22
"[1229]","{6C/D}","=>","{19F}",0.00964187327823691,0.0813953488372093,0.410368217054264,7,0.00376912459322569,0.999542492471262
"[1230]","{19F}","=>","{6C/D}",0.00964187327823691,0.0486111111111111,0.410368217054264,7,0.00376912459322567,0.999542492471262
"[1231]","{6C/D}","=>","{6B}",0.0426997245179063,0.36046511627907,1.49541528239203,31,0.00582173328449242,0.00551845369515246
"[1232]","{6B}","=>","{6C/D}",0.0426997245179063,0.177142857142857,1.49541528239203,31,0.00582173328449239,0.00551845369515247
"[1233]","{6C/D}","=>","{19A}",0.0110192837465565,0.0930232558139535,0.37940945910635,8,0.000476852565149132,0.999962239039895
"[1234]","{19A}","=>","{6C/D}",0.0110192837465565,0.0449438202247191,0.37940945910635,8,0.000476852565149132,0.999962239039895
"[1235]","{14}","=>","{23F}",0.0151515151515152,0.141025641025641,0.914148351648352,11,0.73177222824246,0.686268974284955
"[1236]","{23F}","=>","{14}",0.0151515151515152,0.0982142857142857,0.914148351648352,11,0.73177222824246,0.686268974284954
"[1237]","{14}","=>","{6A}",0.0110192837465565,0.102564102564103,0.456819254365267,8,0.00629134259426626,0.999018639254504
"[1238]","{6A}","=>","{14}",0.0110192837465565,0.049079754601227,0.456819254365267,8,0.00629134259426629,0.999018639254504
"[1239]","{14}","=>","{19F}",0.0303030303030303,0.282051282051282,1.42200854700855,22,0.0497256191096627,0.0385484098351141
"[1240]","{19F}","=>","{14}",0.0303030303030303,0.152777777777778,1.42200854700855,22,0.0497256191096627,0.0385484098351141
"[1241]","{14}","=>","{6B}",0.0165289256198347,0.153846153846154,0.638241758241758,12,0.0566690709004794,0.98315563851656
"[1242]","{6B}","=>","{14}",0.0165289256198347,0.0685714285714286,0.638241758241758,12,0.0566690709004794,0.98315563851656
"[1243]","{14}","=>","{19A}",0.0385674931129477,0.358974358974359,1.46413137424373,28,0.0134059644537053,0.0116713721092494
"[1244]","{19A}","=>","{14}",0.0385674931129477,0.157303370786517,1.46413137424373,28,0.0134059644537053,0.0116713721092494
"[1245]","{23F}","=>","{6A}",0.0358126721763085,0.232142857142857,1.03396143733567,26,0.833441270747993,0.459099907097253
"[1246]","{6A}","=>","{23F}",0.0358126721763085,0.159509202453988,1.03396143733567,26,0.833441270747994,0.459099907097253
"[1247]","{23F}","=>","{19F}",0.0358126721763085,0.232142857142857,1.1703869047619,26,0.329399355018913,0.197198564555091
"[1248]","{19F}","=>","{23F}",0.0358126721763085,0.180555555555556,1.1703869047619,26,0.329399355018912,0.197198564555091
"[1249]","{23F}","=>","{6B}",0.0234159779614325,0.151785714285714,0.62969387755102,17,0.0163243909629512,0.995610376049036
"[1250]","{6B}","=>","{23F}",0.0234159779614325,0.0971428571428571,0.62969387755102,17,0.0163243909629512,0.995610376049036
"[1251]","{23F}","=>","{19A}",0.0426997245179063,0.276785714285714,1.12891252006421,31,0.397837877529196,0.231908044757071
"[1252]","{19A}","=>","{23F}",0.0426997245179063,0.174157303370787,1.12891252006421,31,0.397837877529196,0.231908044757071
"[1253]","{6A}","=>","{19F}",0.0220385674931129,0.098159509202454,0.494887525562372,16,0.000269860426513772,0.999966187511462
"[1254]","{19F}","=>","{6A}",0.0220385674931129,0.111111111111111,0.494887525562372,16,0.000269860426513772,0.999966187511462
"[1255]","{6A}","=>","{6B}",0.100550964187328,0.447852760736196,1.85794916739702,73,2.38464457892084e-12,1.87580755706322e-11
"[1256]","{6B}","=>","{6A}",0.100550964187328,0.417142857142857,1.85794916739702,73,2.38464457892087e-12,1.87580755706321e-11
"[1257]","{6A}","=>","{19A}",0.0234159779614325,0.104294478527607,0.425380850623837,17,2.05471104841196e-06,0.999999893412975
"[1258]","{19A}","=>","{6A}",0.0234159779614325,0.0955056179775281,0.425380850623837,17,2.05471104841196e-06,0.999999893412975
"[1259]","{19F}","=>","{6B}",0.0179063360881543,0.0902777777777778,0.37452380952381,13,2.30852449979673e-06,0.99999991877107
"[1260]","{6B}","=>","{19F}",0.0179063360881543,0.0742857142857143,0.37452380952381,13,2.30852449979673e-06,0.99999991877107
"[1261]","{19F}","=>","{19A}",0.0826446280991736,0.416666666666667,1.69943820224719,60,9.15949632494631e-08,2.44697054130942e-07
"[1262]","{19A}","=>","{19F}",0.0826446280991736,0.337078651685393,1.69943820224719,60,9.15949632494631e-08,2.44697054130941e-07
"[1263]","{6B}","=>","{19A}",0.0261707988980716,0.108571428571429,0.442825040128411,19,1.42160437889851e-06,0.999999918873237
"[1264]","{19A}","=>","{6B}",0.0261707988980716,0.106741573033708,0.442825040128411,19,1.42160437889852e-06,0.999999918873237
